ID_Venda;ID_Produto;ID_Cliente;ID_Funcionario;ID_Data;Qtd;Valor_Unit;Valor_Total;Tipo_Pag;Status
1;HW0001;2155;101;20200310;2;700.00;1400.00;Cartão de Crédito;Concluída
2;SW0001;2003;102;20200722;1;800.00;800.00;Pix;Concluída
3;HW0006;2245;104;20201105;1;4500.00;4500.00;Boleto;Concluída
4;HW0010;2101;106;20200120;3;600.00;1800.00;Transferência;Concluída
5;SW0003;2210;108;20200515;2;140.00;280.00;Cartão de Crédito;Concluída
6;HW0004;2050;110;20200901;1;500.00;500.00;Pix;Concluída
7;HW0002;2188;112;20200229;4;350.00;1400.00;Boleto;Concluída
8;SW0004;2075;115;20200610;1;1200.00;1200.00;Transferência;Concluída
9;HW0008;2299;117;20201018;5;240.00;1200.00;Cartão de Crédito;Concluída
10;HW0017;2015;118;20200401;2;360.00;720.00;Pix;Concluída
11;HW0001;2080;101;20200812;1;700.00;700.00;Boleto;Concluída
12;SW0001;2123;102;20201225;3;800.00;2400.00;Transferência;Concluída
13;HW0006;2040;104;20200320;1;4500.00;4500.00;Cartão de Crédito;Concluída
14;HW0010;2170;106;20200701;2;600.00;1200.00;Pix;Concluída
15;SW0003;2001;108;20201111;4;140.00;560.00;Boleto;Concluída
16;HW0004;2250;110;20200101;1;500.00;500.00;Transferência;Concluída
17;HW0002;2025;112;20200520;3;350.00;1050.00;Cartão de Crédito;Concluída
18;SW0004;2300;115;20200915;1;1200.00;1200.00;Pix;Concluída
19;HW0008;2060;117;20200201;2;240.00;480.00;Boleto;Concluída
20;HW0017;2110;118;20200625;5;360.00;1800.00;Transferência;Concluída
21;HW0001;2215;101;20201001;1;700.00;700.00;Cartão de Crédito;Concluída
22;SW0001;2045;102;20200410;2;800.00;1600.00;Pix;Concluída
23;HW0006;2190;104;20200801;1;4500.00;4500.00;Boleto;Concluída
24;HW0010;2070;106;20201212;3;600.00;1800.00;Transferência;Concluída
25;SW0003;2220;108;20200305;2;140.00;280.00;Cartão de Crédito;Concluída
26;HW0004;2095;110;20200718;1;500.00;500.00;Pix;Concluída
27;HW0002;2140;112;20201122;4;350.00;1400.00;Boleto;Concluída
28;SW0004;2005;115;20200108;1;1200.00;1200.00;Transferência;Concluída
29;HW0008;2260;117;20200501;5;240.00;1200.00;Cartão de Crédito;Concluída
30;HW0017;2030;118;20200910;2;360.00;720.00;Pix;Concluída
31;HW0001;2175;101;20200210;1;700.00;700.00;Boleto;Concluída
32;SW0001;2065;102;20200615;3;800.00;2400.00;Transferência;Concluída
33;HW0006;2305;104;20201025;1;4500.00;4500.00;Cartão de Crédito;Concluída
34;HW0010;2085;106;20200420;2;600.00;1200.00;Pix;Concluída
35;SW0003;2230;108;20200808;4;140.00;560.00;Boleto;Concluída
36;HW0004;2115;110;20201201;1;500.00;500.00;Transferência;Concluída
37;HW0002;2040;112;20200318;3;350.00;1050.00;Cartão de Crédito;Concluída
38;SW0004;2240;115;20200705;1;1200.00;1200.00;Pix;Concluída
39;HW0008;2130;117;20201101;5;240.00;1200.00;Boleto;Concluída
40;HW0017;2055;118;20200115;2;360.00;720.00;Transferência;Concluída
41;HW0001;2200;101;20200505;1;700.00;700.00;Cartão de Crédito;Concluída
42;SW0001;2080;102;20200920;2;800.00;1600.00;Pix;Concluída
43;HW0006;2250;104;20200201;1;4500.00;4500.00;Boleto;Concluída
44;HW0010;2100;106;20200601;3;600.00;1800.00;Transferência;Concluída
45;SW0003;2255;108;20201010;4;140.00;560.00;Cartão de Crédito;Concluída
46;HW0004;2125;110;20200415;1;500.00;500.00;Pix;Concluída
47;HW0002;2050;112;20200825;3;350.00;1050.00;Boleto;Concluída
48;SW0004;2260;115;20201205;1;1200.00;1200.00;Transferência;Concluída
49;HW0008;2150;117;20200301;5;240.00;1200.00;Cartão de Crédito;Concluída
50;HW0017;2075;118;20200710;2;360.00;720.00;Pix;Concluída
51;HW0001;2215;101;20201115;1;700.00;700.00;Boleto;Concluída
52;SW0001;2090;102;20200105;3;800.00;2400.00;Transferência;Concluída
53;HW0006;2265;104;20200525;1;4500.00;4500.00;Cartão de Crédito;Concluída
54;HW0010;2120;106;20200905;2;600.00;1200.00;Pix;Concluída
55;SW0003;2270;108;20200215;4;140.00;560.00;Boleto;Concluída
56;HW0004;2145;110;20200620;1;500.00;500.00;Transferência;Concluída
57;HW0002;2065;112;20201005;3;350.00;1050.00;Cartão de Crédito;Concluída
58;SW0004;2275;115;20200425;1;1200.00;1200.00;Pix;Concluída
59;HW0008;2170;117;20200805;5;240.00;1200.00;Boleto;Concluída
60;HW0017;2090;118;20201210;2;360.00;720.00;Transferência;Concluída
61;HW0001;2230;101;20200325;1;700.00;700.00;Cartão de Crédito;Concluída
62;SW0001;2105;102;20200708;2;800.00;1600.00;Pix;Concluída
63;HW0006;2280;104;20201120;1;4500.00;4500.00;Boleto;Concluída
64;HW0010;2135;106;20200110;3;600.00;1800.00;Transferência;Concluída
65;SW0003;2285;108;20200508;2;140.00;280.00;Cartão de Crédito;Concluída
66;HW0004;2160;110;20200925;1;500.00;500.00;Pix;Concluída
67;HW0002;2080;112;20200205;4;350.00;1400.00;Boleto;Concluída
68;SW0004;2290;115;20200605;1;1200.00;1200.00;Transferência;Concluída
69;HW0008;2185;117;20201015;5;240.00;1200.00;Cartão de Crédito;Concluída
70;HW0017;2105;118;20200405;2;360.00;720.00;Pix;Concluída
71;HW0001;2245;101;20200818;1;700.00;700.00;Boleto;Concluída
72;SW0001;2120;102;20201201;3;800.00;2400.00;Transferência;Concluída
73;HW0006;2295;104;20200301;1;4500.00;4500.00;Cartão de Crédito;Concluída
74;HW0010;2150;106;20200728;2;600.00;1200.00;Pix;Concluída
75;SW0003;2200;108;20201101;4;140.00;560.00;Boleto;Concluída
76;HW0004;2175;110;20200125;1;500.00;500.00;Transferência;Concluída
77;HW0002;2095;112;20200510;3;350.00;1050.00;Cartão de Crédito;Concluída
78;SW0004;2305;115;20200908;1;1200.00;1200.00;Pix;Concluída
79;HW0008;2200;117;20200220;5;240.00;1200.00;Boleto;Concluída
80;HW0017;2120;118;20200618;2;360.00;720.00;Transferência;Concluída
81;HW0001;2260;101;20201008;1;700.00;700.00;Cartão de Crédito;Concluída
82;SW0001;2135;102;20200408;2;800.00;1600.00;Pix;Concluída
83;HW0006;2310;104;20200820;1;4500.00;4500.00;Boleto;Concluída
84;HW0010;2165;106;20201208;3;600.00;1800.00;Transferência;Concluída
85;SW0003;2115;108;20200312;2;140.00;280.00;Cartão de Crédito;Concluída
86;HW0004;2190;110;20200720;1;500.00;500.00;Pix;Concluída
87;HW0002;2110;112;20201108;4;350.00;1400.00;Boleto;Concluída
88;SW0004;2120;115;20200118;1;1200.00;1200.00;Transferência;Concluída
89;HW0008;2225;117;20200518;5;240.00;1200.00;Cartão de Crédito;Concluída
90;HW0017;2145;118;20200928;2;360.00;720.00;Pix;Concluída
91;HW0001;2275;101;20200225;1;700.00;700.00;Boleto;Concluída
92;SW0001;2150;102;20200628;3;800.00;2400.00;Transferência;Concluída
93;HW0006;2125;104;20201015;1;4500.00;4500.00;Cartão de Crédito;Concluída
94;HW0010;2180;106;20200428;2;600.00;1200.00;Pix;Concluída
95;SW0003;2130;108;20200810;4;140.00;560.00;Boleto;Concluída
96;HW0004;2205;110;20201215;1;500.00;500.00;Transferência;Concluída
97;HW0002;2125;112;20200328;3;350.00;1050.00;Cartão de Crédito;Concluída
98;SW0004;2002;115;20200701;1;1200.00;1200.00;Pix;Concluída
99;HW0008;2240;117;20201101;5;240.00;1200.00;Boleto;Concluída
100;HW0017;2160;118;20200101;2;360.00;720.00;Transferência;Concluída
101;HW0001;2290;101;20200510;1;700.00;700.00;Cartão de Crédito;Concluída
102;SW0001;2170;102;20200925;2;800.00;1600.00;Pix;Concluída
103;HW0006;2004;104;20200205;1;4500.00;4500.00;Boleto;Concluída
104;HW0010;2200;106;20200605;3;600.00;1800.00;Transferência;Concluída
105;SW0003;2006;108;20201015;4;140.00;560.00;Cartão de Crédito;Concluída
106;HW0004;2225;110;20200420;1;500.00;500.00;Pix;Concluída
107;HW0002;2145;112;20200801;3;350.00;1050.00;Boleto;Concluída
108;SW0004;2008;115;20201220;1;1200.00;1200.00;Transferência;Concluída
109;HW0008;2260;117;20200305;5;240.00;1200.00;Cartão de Crédito;Concluída
110;HW0017;2170;118;20200710;2;360.00;720.00;Pix;Concluída
111;HW0001;2305;101;20201105;1;700.00;700.00;Boleto;Concluída
112;SW0001;2185;102;20200115;3;800.00;2400.00;Transferência;Concluída
113;HW0006;2010;104;20200515;1;4500.00;4500.00;Cartão de Crédito;Concluída
114;HW0010;2215;106;20200901;2;600.00;1200.00;Pix;Concluída
115;SW0003;2012;108;20200220;4;140.00;560.00;Boleto;Concluída
116;HW0004;2240;110;20200610;1;500.00;500.00;Transferência;Concluída
117;HW0002;2160;112;20201001;3;350.00;1050.00;Cartão de Crédito;Concluída
118;SW0004;2014;115;20200401;1;1200.00;1200.00;Pix;Concluída
119;HW0008;2275;117;20200810;5;240.00;1200.00;Boleto;Concluída
120;HW0017;2185;118;20201205;2;360.00;720.00;Transferência;Concluída
121;HW0001;2220;101;20200301;1;700.00;700.00;Cartão de Crédito;Concluída
122;SW0001;2200;102;20200705;2;800.00;1600.00;Pix;Concluída
123;HW0006;2016;104;20201110;1;4500.00;4500.00;Boleto;Concluída
124;HW0010;2230;106;20200120;3;600.00;1800.00;Transferência;Concluída
125;SW0003;2018;108;20200501;2;140.00;280.00;Cartão de Crédito;Concluída
126;HW0004;2255;110;20200915;1;500.00;500.00;Pix;Concluída
127;HW0002;2175;112;20200210;4;350.00;1400.00;Boleto;Concluída
128;SW0004;2020;115;20200620;1;1200.00;1200.00;Transferência;Concluída
129;HW0008;2290;117;20201005;5;240.00;1200.00;Cartão de Crédito;Concluída
130;HW0017;2200;118;20200410;2;360.00;720.00;Pix;Concluída
131;HW0001;2235;101;20200801;1;700.00;700.00;Boleto;Concluída
132;SW0001;2215;102;20201210;3;800.00;2400.00;Transferência;Concluída
133;HW0006;2022;104;20200315;1;4500.00;4500.00;Cartão de Crédito;Concluída
134;HW0010;2245;106;20200725;2;600.00;1200.00;Pix;Concluída
135;SW0003;2024;108;20201115;4;140.00;560.00;Boleto;Concluída
136;HW0004;2270;110;20200105;1;500.00;500.00;Transferência;Concluída
137;HW0002;2190;112;20200505;3;350.00;1050.00;Cartão de Crédito;Concluída
138;SW0004;2026;115;20200901;1;1200.00;1200.00;Pix;Concluída
139;HW0008;2305;117;20200215;5;240.00;1200.00;Boleto;Concluída
140;HW0017;2230;118;20200610;2;360.00;720.00;Transferência;Concluída
141;HW0001;2250;101;20201020;1;700.00;700.00;Cartão de Crédito;Concluída
142;SW0001;2240;102;20200415;2;800.00;1600.00;Pix;Concluída
143;HW0006;2028;104;20200805;1;4500.00;4500.00;Boleto;Concluída
144;HW0010;2265;106;20201201;3;600.00;1800.00;Transferência;Concluída
145;SW0003;2030;108;20200320;2;140.00;280.00;Cartão de Crédito;Concluída
146;HW0004;2285;110;20200710;1;500.00;500.00;Pix;Concluída
147;HW0002;2205;112;20201110;4;350.00;1400.00;Boleto;Concluída
148;SW0004;2032;115;20200125;1;1200.00;1200.00;Transferência;Concluída
149;HW0008;2220;117;20200520;5;240.00;1200.00;Cartão de Crédito;Concluída
150;HW0017;2250;118;20200905;2;360.00;720.00;Pix;Concluída
151;HW0005;2001;101;20210105;1;2800.00;2800.00;Cartão de Crédito;Concluída
152;SW0002;2002;102;20210110;2;300.00;600.00;Pix;Concluída
153;HW0011;2003;103;20210115;1;2300.00;2300.00;Boleto;Concluída
154;SW0005;2004;104;20210120;3;400.00;1200.00;Transferência;Concluída
155;HW0015;2005;105;20210125;1;1500.00;1500.00;Cartão de Crédito;Concluída
156;SW0007;2006;106;20210130;2;180.00;360.00;Pix;Concluída
157;HW0019;2007;107;20210204;1;400.00;400.00;Boleto;Concluída
158;SW0009;2008;108;20210209;3;700.00;2100.00;Transferência;Concluída
159;HW0021;2009;109;20210214;1;1400.00;1400.00;Cartão de Crédito;Concluída
160;SW0011;2010;110;20210219;2;360.00;720.00;Pix;Concluída
161;HW0023;2011;111;20210224;1;1200.00;1200.00;Boleto;Concluída
162;SW0013;2012;112;20210301;3;900.00;2700.00;Transferência;Concluída
163;HW0025;2013;113;20210306;1;1800.00;1800.00;Cartão de Crédito;Concluída
164;SW0015;2014;114;20210311;2;200.00;400.00;Pix;Concluída
165;HW0027;2015;115;20210316;1;800.00;800.00;Boleto;Concluída
166;SW0017;2016;116;20210321;3;600.00;1800.00;Transferência;Concluída
167;HW0029;2017;117;20210326;1;2000.00;2000.00;Cartão de Crédito;Concluída
168;SW0019;2018;118;20210331;2;1600.00;3200.00;Pix;Concluída
169;HW0031;2019;119;20210405;1;1000.00;1000.00;Boleto;Concluída
170;SW0021;2020;120;20210410;3;400.00;1200.00;Transferência;Concluída
171;HW0033;2021;101;20210415;1;140.00;140.00;Cartão de Crédito;Concluída
172;SW0023;2022;102;20210420;2;120.00;240.00;Pix;Concluída
173;HW0035;2023;103;20210425;1;300.00;300.00;Boleto;Concluída
174;SW0025;2024;104;20210430;3;180.00;540.00;Transferência;Concluída
175;HW0037;2025;105;20210505;1;500.00;500.00;Cartão de Crédito;Concluída
176;SW0027;2026;106;20210510;2;60.00;120.00;Pix;Concluída
177;HW0039;2027;107;20210515;1;800.00;800.00;Boleto;Concluída
178;SW0029;2028;108;20210520;3;240.00;720.00;Transferência;Concluída
179;HW0041;2029;109;20210525;1;1200.00;1200.00;Cartão de Crédito;Concluída
180;SW0031;2030;110;20210530;2;1000.00;2000.00;Pix;Concluída
181;HW0043;2031;111;20210604;1;60.00;60.00;Boleto;Concluída
182;SW0033;2032;112;20210609;3;100.00;300.00;Transferência;Concluída
183;HW0045;2033;113;20210614;1;100.00;100.00;Cartão de Crédito;Concluída
184;SW0035;2034;114;20210619;2;170.00;340.00;Pix;Concluída
185;HW0047;2035;115;20210624;1;140.00;140.00;Boleto;Concluída
186;SW0037;2036;116;20210629;3;50.00;150.00;Transferência;Concluída
187;HW0049;2037;117;20210704;1;240.00;240.00;Cartão de Crédito;Concluída
188;SW0039;2038;118;20210709;2;1400.00;2800.00;Pix;Concluída
189;HW0051;2039;119;20210714;1;90.00;90.00;Boleto;Concluída
190;SW0041;2040;120;20210719;3;600.00;1800.00;Transferência;Concluída
191;HW0053;2041;101;20210724;1;70.00;70.00;Cartão de Crédito;Concluída
192;SW0043;2042;102;20210729;2;900.00;1800.00;Pix;Concluída
193;HW0055;2043;103;20210803;1;50.00;50.00;Boleto;Concluída
194;SW0045;2044;104;20210808;3;100.00;300.00;Transferência;Concluída
195;HW0057;2045;105;20210813;1;80.00;80.00;Cartão de Crédito;Concluída
196;SW0047;2046;106;20210818;2;80.00;160.00;Pix;Concluída
197;HW0059;2047;107;20210823;1;50.00;50.00;Boleto;Concluída
198;SW0049;2048;108;20210828;3;1200.00;3600.00;Transferência;Concluída
199;HW0061;2049;109;20210902;1;60.00;60.00;Cartão de Crédito;Concluída
200;SW0050;2050;110;20210907;2;190.00;380.00;Pix;Concluída
201;HW0063;2051;111;20210912;1;50.00;50.00;Boleto;Concluída
202;HW0065;2052;112;20210917;3;80.00;240.00;Transferência;Concluída
203;HW0067;2053;113;20210922;1;80.00;80.00;Cartão de Crédito;Concluída
204;HW0069;2054;114;20210927;2;30.00;60.00;Pix;Concluída
205;HW0071;2055;115;20211002;1;40.00;40.00;Boleto;Concluída
206;HW0073;2056;116;20211007;3;120.00;360.00;Transferência;Concluída
207;HW0075;2057;117;20211012;1;140.00;140.00;Cartão de Crédito;Concluída
208;HW0077;2058;118;20211017;2;120.00;240.00;Pix;Concluída
209;HW0079;2059;119;20211022;1;70.00;70.00;Boleto;Concluída
210;HW0081;2060;120;20211027;3;180.00;540.00;Transferência;Concluída
211;HW0083;2061;101;20211101;1;40.00;40.00;Cartão de Crédito;Concluída
212;HW0085;2062;102;20211106;2;80.00;160.00;Pix;Concluída
213;HW0087;2063;103;20211111;1;300.00;300.00;Boleto;Concluída
214;HW0089;2064;104;20211116;3;160.00;480.00;Transferência;Concluída
215;HW0091;2065;105;20211121;1;400.00;400.00;Cartão de Crédito;Concluída
216;HW0093;2066;106;20211126;2;60.00;120.00;Pix;Concluída
217;HW0095;2067;107;20211201;1;160.00;160.00;Boleto;Concluída
218;HW0097;2068;108;20211206;3;80.00;240.00;Transferência;Concluída
219;HW0099;2069;109;20211211;1;100.00;100.00;Cartão de Crédito;Concluída
220;HW0100;2070;110;20211216;2;30.00;60.00;Pix;Concluída
221;SW0001;2071;111;20210101;1;800.00;800.00;Boleto;Concluída
222;SW0003;2072;112;20210106;3;140.00;420.00;Transferência;Concluída
223;SW0005;2073;113;20210111;1;400.00;400.00;Cartão de Crédito;Concluída
224;SW0007;2074;114;20210116;2;180.00;360.00;Pix;Concluída
225;SW0009;2075;115;20210121;1;700.00;700.00;Boleto;Concluída
226;SW0011;2076;116;20210126;3;360.00;1080.00;Transferência;Concluída
227;SW0013;2077;117;20210131;1;900.00;900.00;Cartão de Crédito;Concluída
228;SW0015;2078;118;20210205;2;200.00;400.00;Pix;Concluída
229;SW0017;2079;119;20210210;1;600.00;600.00;Boleto;Concluída
230;SW0019;2080;120;20210215;3;1600.00;4800.00;Transferência;Concluída
231;SW0021;2081;101;20210220;1;400.00;400.00;Cartão de Crédito;Concluída
232;SW0023;2082;102;20210225;2;120.00;240.00;Pix;Concluída
233;SW0025;2083;103;20210302;1;180.00;180.00;Boleto;Concluída
234;SW0027;2084;104;20210307;3;60.00;180.00;Transferência;Concluída
235;SW0029;2085;105;20210312;1;240.00;240.00;Cartão de Crédito;Concluída
236;SW0031;2086;106;20210317;2;1000.00;2000.00;Pix;Concluída
237;SW0033;2087;107;20210322;1;100.00;100.00;Boleto;Concluída
238;SW0035;2088;108;20210327;3;170.00;510.00;Transferência;Concluída
239;SW0037;2089;109;20210401;1;50.00;50.00;Cartão de Crédito;Concluída
240;SW0039;2090;110;20210406;2;1400.00;2800.00;Pix;Concluída
241;SW0041;2091;111;20210411;1;600.00;600.00;Boleto;Concluída
242;SW0043;2092;112;20210416;3;900.00;2700.00;Transferência;Concluída
243;SW0045;2093;113;20210421;1;100.00;100.00;Cartão de Crédito;Concluída
244;SW0047;2094;114;20210426;2;80.00;160.00;Pix;Concluída
245;SW0049;2095;115;20210501;1;1200.00;1200.00;Boleto;Concluída
246;SW0050;2096;116;20210506;3;190.00;570.00;Transferência;Concluída
247;HW0001;2097;117;20210511;1;700.00;700.00;Cartão de Crédito;Concluída
248;HW0003;2098;118;20210516;2;100.00;200.00;Pix;Concluída
249;HW0006;2099;119;20210521;1;4500.00;4500.00;Boleto;Concluída
250;HW0009;2100;120;20210526;3;200.00;600.00;Transferência;Concluída
251;HW0012;2101;101;20210531;1;550.00;550.00;Cartão de Crédito;Concluída
252;HW0014;2102;102;20210605;2;1100.00;2200.00;Pix;Concluída
253;HW0016;2103;103;20210610;1;300.00;300.00;Boleto;Concluída
254;HW0018;2104;104;20210615;3;180.00;540.00;Transferência;Concluída
255;HW0020;2105;105;20210620;1;440.00;440.00;Cartão de Crédito;Concluída
256;HW0022;2106;106;20210625;2;240.00;480.00;Pix;Concluída
257;HW0024;2107;107;20210630;1;140.00;140.00;Boleto;Concluída
258;HW0026;2108;108;20210705;3;60.00;180.00;Transferência;Concluída
259;HW0028;2109;109;20210710;1;260.00;260.00;Cartão de Crédito;Concluída
260;HW0030;2110;110;20210715;2;600.00;1200.00;Pix;Concluída
261;HW0032;2111;111;20210720;1;40.00;40.00;Boleto;Concluída
262;HW0034;2112;112;20210725;3;50.00;150.00;Transferência;Concluída
263;HW0036;2113;113;20210730;1;120.00;120.00;Cartão de Crédito;Concluída
264;HW0038;2114;114;20210804;2;300.00;600.00;Pix;Concluída
265;HW0040;2115;115;20210809;1;200.00;200.00;Boleto;Concluída
266;HW0042;2116;116;20210814;3;80.00;240.00;Transferência;Concluída
267;HW0044;2117;117;20210819;1;30.00;30.00;Cartão de Crédito;Concluída
268;HW0046;2118;118;20210824;2;160.00;320.00;Pix;Concluída
269;HW0048;2119;119;20210829;1;80.00;80.00;Boleto;Concluída
270;HW0050;2120;120;20210903;3;40.00;120.00;Transferência;Concluída
271;HW0052;2121;101;20210908;1;20.00;20.00;Cartão de Crédito;Concluída
272;HW0054;2122;102;20210913;2;120.00;240.00;Pix;Concluída
273;HW0056;2123;103;20210918;1;40.00;40.00;Boleto;Concluída
274;HW0058;2124;104;20210923;3;40.00;120.00;Transferência;Concluída
275;HW0060;2125;105;20210928;1;60.00;60.00;Cartão de Crédito;Concluída
276;HW0062;2126;106;20211003;2;40.00;80.00;Pix;Concluída
277;HW0064;2127;107;20211008;1;30.00;30.00;Boleto;Concluída
278;HW0066;2128;108;20211013;3;30.00;90.00;Transferência;Concluída
279;HW0068;2129;109;20211018;1;70.00;70.00;Cartão de Crédito;Concluída
280;HW0070;2130;110;20211023;2;100.00;200.00;Pix;Concluída
281;HW0072;2131;111;20211028;1;20.00;20.00;Boleto;Concluída
282;HW0074;2132;112;20211102;3;60.00;180.00;Transferência;Concluída
283;HW0076;2133;113;20211107;1;60.00;60.00;Cartão de Crédito;Concluída
284;HW0078;2134;114;20211112;2;30.00;60.00;Pix;Concluída
285;HW0080;2135;115;20211117;1;20.00;20.00;Boleto;Concluída
286;HW0082;2136;116;20211122;3;20.00;60.00;Transferência;Concluída
287;HW0084;2137;117;20211127;1;50.00;50.00;Cartão de Crédito;Concluída
288;HW0086;2138;118;20211202;2;60.00;120.00;Pix;Concluída
289;HW0088;2139;119;20211207;1;30.00;30.00;Boleto;Concluída
290;HW0090;2140;120;20211212;3;50.00;150.00;Transferência;Concluída
291;HW0092;2141;101;20211217;1;80.00;80.00;Cartão de Crédito;Concluída
292;HW0094;2142;102;20211222;2;40.00;80.00;Pix;Concluída
293;HW0096;2143;103;20211227;1;50.00;50.00;Boleto;Concluída
294;HW0098;2144;104;20211231;3;40.00;120.00;Transferência;Concluída
295;SW0001;2145;105;20210102;1;800.00;800.00;Cartão de Crédito;Concluída
296;SW0003;2146;106;20210107;2;140.00;280.00;Pix;Concluída
297;SW0005;2147;107;20210112;1;400.00;400.00;Boleto;Concluída
298;SW0007;2148;108;20210117;3;180.00;540.00;Transferência;Concluída
299;SW0009;2149;109;20210122;1;700.00;700.00;Cartão de Crédito;Concluída
300;SW0011;2150;110;20210127;2;360.00;720.00;Pix;Concluída
301;SW0013;2151;111;20210201;1;900.00;900.00;Boleto;Concluída
302;SW0015;2152;112;20210206;3;200.00;600.00;Transferência;Concluída
303;SW0017;2153;113;20210211;1;600.00;600.00;Cartão de Crédito;Concluída
304;SW0019;2154;114;20210216;2;1600.00;3200.00;Pix;Concluída
305;SW0021;2155;115;20210221;1;400.00;400.00;Boleto;Concluída
306;SW0023;2156;116;20210226;3;120.00;360.00;Transferência;Concluída
307;SW0025;2157;117;20210303;1;180.00;180.00;Cartão de Crédito;Concluída
308;SW0027;2158;118;20210308;2;60.00;120.00;Pix;Concluída
309;SW0029;2159;119;20210313;1;240.00;240.00;Boleto;Concluída
310;SW0031;2160;120;20210318;3;1000.00;3000.00;Transferência;Concluída
311;SW0033;2161;101;20210323;1;100.00;100.00;Cartão de Crédito;Concluída
312;SW0035;2162;102;20210328;2;170.00;340.00;Pix;Concluída
313;SW0037;2163;103;20210402;1;50.00;50.00;Boleto;Concluída
314;SW0039;2164;104;20210407;3;1400.00;4200.00;Transferência;Concluída
315;SW0041;2165;105;20210412;1;600.00;600.00;Cartão de Crédito;Concluída
316;SW0043;2166;106;20210417;2;900.00;1800.00;Pix;Concluída
317;SW0045;2167;107;20210422;1;100.00;100.00;Boleto;Concluída
318;SW0047;2168;108;20210427;3;80.00;240.00;Transferência;Concluída
319;SW0049;2169;109;20210502;1;1200.00;1200.00;Cartão de Crédito;Concluída
320;SW0050;2170;110;20210507;2;190.00;380.00;Pix;Concluída
321;HW0001;2171;111;20210512;1;700.00;700.00;Boleto;Concluída
322;HW0003;2172;112;20210517;3;100.00;300.00;Transferência;Concluída
323;HW0006;2173;113;20210522;1;4500.00;4500.00;Cartão de Crédito;Concluída
324;HW0009;2174;114;20210527;2;200.00;400.00;Pix;Concluída
325;HW0012;2175;115;20210601;1;550.00;550.00;Boleto;Concluída
326;HW0014;2176;116;20210606;3;1100.00;3300.00;Transferência;Concluída
327;HW0016;2177;117;20210611;1;300.00;300.00;Cartão de Crédito;Concluída
328;HW0018;2178;118;20210616;2;180.00;360.00;Pix;Concluída
329;HW0020;2179;119;20210621;1;440.00;440.00;Boleto;Concluída
330;HW0022;2180;120;20210626;3;240.00;720.00;Transferência;Concluída
331;HW0024;2181;101;20210701;1;140.00;140.00;Cartão de Crédito;Concluída
332;HW0026;2182;102;20210706;2;60.00;120.00;Pix;Concluída
333;HW0028;2183;103;20210711;1;260.00;260.00;Boleto;Concluída
334;HW0030;2184;104;20210716;3;600.00;1800.00;Transferência;Concluída
335;HW0032;2185;105;20210721;1;40.00;40.00;Cartão de Crédito;Concluída
336;HW0034;2186;106;20210726;2;50.00;100.00;Pix;Concluída
337;HW0036;2187;107;20210731;1;120.00;120.00;Boleto;Concluída
338;HW0038;2188;108;20210805;3;300.00;900.00;Transferência;Concluída
339;HW0040;2189;109;20210810;1;200.00;200.00;Cartão de Crédito;Concluída
340;HW0042;2190;110;20210815;2;80.00;160.00;Pix;Concluída
341;HW0044;2191;111;20210820;1;30.00;30.00;Boleto;Concluída
342;HW0046;2192;112;20210825;3;160.00;480.00;Transferência;Concluída
343;HW0048;2193;113;20210830;1;80.00;80.00;Cartão de Crédito;Concluída
344;HW0050;2194;114;20210904;2;40.00;80.00;Pix;Concluída
345;HW0052;2195;115;20210909;1;20.00;20.00;Boleto;Concluída
346;HW0054;2196;116;20210914;3;120.00;360.00;Transferência;Concluída
347;HW0056;2197;117;20210919;1;40.00;40.00;Cartão de Crédito;Concluída
348;HW0058;2198;118;20210924;2;40.00;80.00;Pix;Concluída
349;HW0060;2199;119;20210929;1;60.00;60.00;Boleto;Concluída
350;HW0062;2200;120;20211004;3;40.00;120.00;Transferência;Concluída
351;HW0064;2201;101;20211009;1;30.00;30.00;Cartão de Crédito;Concluída
352;HW0066;2202;102;20211014;2;30.00;60.00;Pix;Concluída
353;HW0068;2203;103;20211019;1;70.00;70.00;Boleto;Concluída
354;HW0070;2204;104;20211024;3;100.00;300.00;Transferência;Concluída
355;HW0072;2205;105;20211029;1;20.00;20.00;Cartão de Crédito;Concluída
356;HW0074;2206;106;20211103;2;60.00;120.00;Pix;Concluída
357;HW0076;2207;107;20211108;1;60.00;60.00;Boleto;Concluída
358;HW0078;2208;108;20211113;3;30.00;90.00;Transferência;Concluída
359;HW0080;2209;109;20211118;1;20.00;20.00;Cartão de Crédito;Concluída
360;HW0082;2210;110;20211123;2;20.00;40.00;Pix;Concluída
361;HW0084;2211;111;20211128;1;50.00;50.00;Boleto;Concluída
362;HW0086;2212;112;20211203;3;60.00;180.00;Transferência;Concluída
363;HW0088;2213;113;20211208;1;30.00;30.00;Cartão de Crédito;Concluída
364;HW0090;2214;114;20211213;2;50.00;100.00;Pix;Concluída
365;HW0092;2215;115;20211218;1;80.00;80.00;Boleto;Concluída
366;HW0094;2216;116;20211223;3;40.00;120.00;Transferência;Concluída
367;HW0096;2217;117;20211228;1;50.00;50.00;Cartão de Crédito;Concluída
368;HW0098;2218;118;20211231;2;40.00;80.00;Pix;Concluída
369;SW0002;2219;119;20210103;1;300.00;300.00;Boleto;Concluída
370;SW0004;2220;120;20210108;3;1200.00;3600.00;Transferência;Concluída
371;SW0006;2221;101;20210113;1;160.00;160.00;Cartão de Crédito;Concluída
372;SW0008;2222;102;20210118;2;250.00;500.00;Pix;Concluída
373;SW0010;2223;103;20210123;1;80.00;80.00;Boleto;Concluída
374;SW0012;2224;104;20210128;3;500.00;1500.00;Transferência;Concluída
375;SW0014;2225;105;20210202;1;200.00;200.00;Cartão de Crédito;Concluída
376;SW0016;2226;106;20210207;2;120.00;240.00;Pix;Concluída
377;SW0018;2227;107;20210212;1;100.00;100.00;Boleto;Concluída
378;SW0020;2228;108;20210217;3;80.00;240.00;Transferência;Concluída
379;SW0022;2229;109;20210222;1;180.00;180.00;Cartão de Crédito;Concluída
380;SW0024;2230;110;20210227;2;300.00;600.00;Pix;Concluída
381;SW0026;2231;111;20210304;1;560.00;560.00;Boleto;Concluída
382;SW0028;2232;112;20210309;3;760.00;2280.00;Transferência;Concluída
383;SW0030;2233;113;20210314;1;150.00;150.00;Cartão de Crédito;Concluída
384;SW0032;2234;114;20210319;2;1200.00;2400.00;Pix;Concluída
385;SW0034;2235;115;20210324;1;400.00;400.00;Boleto;Concluída
386;SW0036;2236;116;20210329;3;800.00;2400.00;Transferência;Concluída
387;SW0038;2237;117;20210403;1;1100.00;1100.00;Cartão de Crédito;Concluída
388;SW0040;2238;118;20210408;2;130.00;260.00;Pix;Concluída
389;SW0042;2239;119;20210413;1;40.00;40.00;Boleto;Concluída
390;SW0044;2240;120;20210418;3;360.00;1080.00;Transferência;Concluída
391;SW0046;2241;101;20210423;1;1600.00;1600.00;Cartão de Crédito;Concluída
392;SW0048;2242;102;20210428;2;900.00;1800.00;Pix;Concluída
393;SW0001;2243;103;20210503;1;800.00;800.00;Boleto;Concluída
394;SW0003;2244;104;20210508;3;140.00;420.00;Transferência;Concluída
395;SW0005;2245;105;20210513;1;400.00;400.00;Cartão de Crédito;Concluída
396;SW0007;2246;106;20210518;2;180.00;360.00;Pix;Concluída
397;SW0009;2247;107;20210523;1;700.00;700.00;Boleto;Concluída
398;SW0011;2248;108;20210528;3;360.00;1080.00;Transferência;Concluída
399;SW0013;2249;109;20210602;1;900.00;900.00;Cartão de Crédito;Concluída
400;SW0015;2250;110;20210607;2;200.00;400.00;Pix;Concluída
401;SW0017;2251;111;20210612;1;600.00;600.00;Boleto;Concluída
402;SW0019;2252;112;20210617;3;1600.00;4800.00;Transferência;Concluída
403;SW0021;2253;113;20210622;1;400.00;400.00;Cartão de Crédito;Concluída
404;SW0023;2254;114;20210627;2;120.00;240.00;Pix;Concluída
405;SW0025;2255;115;20210702;1;180.00;180.00;Boleto;Concluída
406;SW0027;2256;116;20210707;3;60.00;180.00;Transferência;Concluída
407;SW0029;2257;117;20210712;1;240.00;240.00;Cartão de Crédito;Concluída
408;SW0031;2258;118;20210717;2;1000.00;2000.00;Pix;Concluída
409;SW0033;2259;119;20210722;1;100.00;100.00;Boleto;Concluída
410;SW0035;2260;120;20210727;3;170.00;510.00;Transferência;Concluída
411;SW0037;2261;101;20210801;1;50.00;50.00;Cartão de Crédito;Concluída
412;SW0039;2262;102;20210806;2;1400.00;2800.00;Pix;Concluída
413;SW0041;2263;103;20210811;1;600.00;600.00;Boleto;Concluída
414;SW0043;2264;104;20210816;3;900.00;2700.00;Transferência;Concluída
415;SW0045;2265;105;20210821;1;100.00;100.00;Cartão de Crédito;Concluída
416;SW0047;2266;106;20210826;2;80.00;160.00;Pix;Concluída
417;SW0049;2267;107;20210831;1;1200.00;1200.00;Boleto;Concluída
418;SW0050;2268;108;20210905;3;190.00;570.00;Transferência;Concluída
419;HW0002;2269;109;20210910;1;350.00;350.00;Cartão de Crédito;Concluída
420;HW0004;2270;110;20210915;2;500.00;1000.00;Pix;Concluída
421;HW0007;2271;111;20210920;1;160.00;160.00;Boleto;Concluída
422;HW0008;2272;112;20210925;3;240.00;720.00;Transferência;Concluída
423;HW0013;2273;113;20210930;1;500.00;500.00;Cartão de Crédito;Concluída
424;HW0017;2274;114;20211005;2;360.00;720.00;Pix;Concluída
425;HW0021;2275;115;20211010;1;1400.00;1400.00;Boleto;Concluída
426;HW0025;2276;116;20211015;3;1800.00;5400.00;Transferência;Concluída
427;HW0029;2277;117;20211020;1;2000.00;2000.00;Cartão de Crédito;Concluída
428;HW0033;2278;118;20211025;2;140.00;280.00;Pix;Concluída
429;HW0037;2279;119;20211030;1;500.00;500.00;Boleto;Concluída
430;HW0041;2280;120;20211104;3;1200.00;3600.00;Transferência;Concluída
431;HW0045;2281;101;20211109;1;100.00;100.00;Cartão de Crédito;Concluída
432;HW0049;2282;102;20211114;2;240.00;480.00;Pix;Concluída
433;HW0053;2283;103;20211119;1;70.00;70.00;Boleto;Concluída
434;HW0057;2284;104;20211124;3;80.00;240.00;Transferência;Concluída
435;HW0061;2285;105;20211129;1;60.00;60.00;Cartão de Crédito;Concluída
436;HW0065;2286;106;20211204;2;80.00;160.00;Pix;Concluída
437;HW0069;2287;107;20211209;1;30.00;30.00;Boleto;Concluída
438;HW0073;2288;108;20211214;3;120.00;360.00;Transferência;Concluída
439;HW0077;2289;109;20211219;1;120.00;120.00;Cartão de Crédito;Concluída
440;HW0081;2290;110;20211224;2;180.00;360.00;Pix;Concluída
441;HW0085;2291;111;20211229;1;80.00;80.00;Boleto;Concluída
442;HW0089;2292;112;20210101;3;160.00;480.00;Transferência;Concluída
443;HW0093;2293;113;20210106;1;60.00;60.00;Cartão de Crédito;Concluída
444;HW0097;2294;114;20210111;2;80.00;160.00;Pix;Concluída
445;SW0001;2295;115;20210116;1;800.00;800.00;Boleto;Concluída
446;SW0003;2296;116;20210121;3;140.00;420.00;Transferência;Concluída
447;SW0005;2297;117;20210126;1;400.00;400.00;Cartão de Crédito;Concluída
448;SW0007;2298;118;20210131;2;180.00;360.00;Pix;Concluída
449;SW0009;2299;119;20210205;1;700.00;700.00;Boleto;Concluída
450;SW0011;2300;120;20210210;3;360.00;1080.00;Transferência;Concluída
451;SW0013;2301;101;20210215;1;900.00;900.00;Cartão de Crédito;Concluída
452;SW0015;2302;102;20210220;2;200.00;400.00;Pix;Concluída
453;SW0017;2303;103;20210225;1;600.00;600.00;Boleto;Concluída
454;SW0019;2304;104;20210302;3;1600.00;4800.00;Transferência;Concluída
455;SW0021;2305;105;20210307;1;400.00;400.00;Cartão de Crédito;Concluída
457;HW0001;2001;101;20220101;1;700.00;700.00;Cartão de Crédito;Concluída
458;SW0001;2002;102;20220105;2;800.00;1600.00;Pix;Concluída
459;HW0006;2003;103;20220110;1;4500.00;4500.00;Boleto;Concluída
460;HW0010;2004;104;20220115;3;600.00;1800.00;Transferência;Concluída
461;SW0003;2005;105;20220120;1;140.00;140.00;Cartão de Crédito;Concluída
462;HW0004;2006;106;20220125;2;500.00;1000.00;Pix;Concluída
463;HW0002;2007;107;20220130;1;350.00;350.00;Boleto;Concluída
464;SW0004;2008;108;20220204;3;1200.00;3600.00;Transferência;Concluída
465;HW0008;2009;109;20220209;1;240.00;240.00;Cartão de Crédito;Concluída
466;HW0017;2010;110;20220214;2;360.00;720.00;Pix;Concluída
467;HW0001;2011;111;20220219;1;700.00;700.00;Boleto;Concluída
468;SW0001;2012;112;20220224;3;800.00;2400.00;Transferência;Concluída
469;HW0006;2013;113;20220301;1;4500.00;4500.00;Cartão de Crédito;Concluída
470;HW0010;2014;114;20220306;2;600.00;1200.00;Pix;Concluída
471;SW0003;2015;115;20220311;1;140.00;140.00;Boleto;Concluída
472;HW0004;2016;116;20220316;3;500.00;1500.00;Transferência;Concluída
473;HW0002;2017;117;20220321;1;350.00;350.00;Cartão de Crédito;Concluída
474;SW0004;2018;118;20220326;2;1200.00;2400.00;Pix;Concluída
475;HW0008;2019;119;20220331;1;240.00;240.00;Boleto;Concluída
476;HW0017;2020;120;20220405;3;360.00;1080.00;Transferência;Concluída
477;HW0001;2021;101;20220410;1;700.00;700.00;Cartão de Crédito;Concluída
478;SW0001;2022;102;20220415;2;800.00;1600.00;Pix;Concluída
479;HW0006;2023;103;20220420;1;4500.00;4500.00;Boleto;Concluída
480;HW0010;2024;104;20220425;3;600.00;1800.00;Transferência;Concluída
481;SW0003;2025;105;20220430;1;140.00;140.00;Cartão de Crédito;Concluída
482;HW0004;2026;106;20220505;2;500.00;1000.00;Pix;Concluída
483;HW0002;2027;107;20220510;1;350.00;350.00;Boleto;Concluída
484;SW0004;2028;108;20220515;3;1200.00;3600.00;Transferência;Concluída
485;HW0008;2029;109;20220520;1;240.00;240.00;Cartão de Crédito;Concluída
486;HW0017;2030;110;20220525;2;360.00;720.00;Pix;Concluída
487;HW0001;2031;111;20220530;1;700.00;700.00;Boleto;Concluída
488;SW0001;2032;112;20220604;3;800.00;2400.00;Transferência;Concluída
489;HW0006;2033;113;20220609;1;4500.00;4500.00;Cartão de Crédito;Concluída
490;HW0010;2034;114;20220614;2;600.00;1200.00;Pix;Concluída
491;SW0003;2035;115;20220619;1;140.00;140.00;Boleto;Concluída
492;HW0004;2036;116;20220624;3;500.00;1500.00;Transferência;Concluída
493;HW0002;2037;117;20220629;1;350.00;350.00;Cartão de Crédito;Concluída
494;SW0004;2038;118;20220704;2;1200.00;2400.00;Pix;Concluída
495;HW0008;2039;119;20220709;1;240.00;240.00;Boleto;Concluída
496;HW0017;2040;120;20220714;3;360.00;1080.00;Transferência;Concluída
497;HW0001;2041;101;20220719;1;700.00;700.00;Cartão de Crédito;Concluída
498;SW0001;2042;102;20220724;2;800.00;1600.00;Pix;Concluída
499;HW0006;2043;103;20220729;1;4500.00;4500.00;Boleto;Concluída
500;HW0010;2044;104;20220803;3;600.00;1800.00;Transferência;Concluída
501;SW0003;2045;105;20220808;1;140.00;140.00;Cartão de Crédito;Concluída
502;HW0004;2046;106;20220813;2;500.00;1000.00;Pix;Concluída
503;HW0002;2047;107;20220818;1;350.00;350.00;Boleto;Concluída
504;SW0004;2048;108;20220823;3;1200.00;3600.00;Transferência;Concluída
505;HW0008;2049;109;20220828;1;240.00;240.00;Cartão de Crédito;Concluída
506;HW0017;2050;110;20220902;2;360.00;720.00;Pix;Concluída
507;HW0001;2051;111;20220907;1;700.00;700.00;Boleto;Concluída
508;SW0001;2052;112;20220912;3;800.00;2400.00;Transferência;Concluída
509;HW0006;2053;113;20220917;1;4500.00;4500.00;Cartão de Crédito;Concluída
510;HW0010;2054;114;20220922;2;600.00;1200.00;Pix;Concluída
511;SW0003;2055;115;20220927;1;140.00;140.00;Boleto;Concluída
512;HW0004;2056;116;20221002;3;500.00;1500.00;Transferência;Concluída
513;HW0002;2057;117;20221007;1;350.00;350.00;Cartão de Crédito;Concluída
514;SW0004;2058;118;20221012;2;1200.00;2400.00;Pix;Concluída
515;HW0008;2059;119;20221017;1;240.00;240.00;Boleto;Concluída
516;HW0017;2060;120;20221022;3;360.00;1080.00;Transferência;Concluída
517;HW0001;2061;101;20221027;1;700.00;700.00;Cartão de Crédito;Concluída
518;SW0001;2062;102;20221101;2;800.00;1600.00;Pix;Concluída
519;HW0006;2063;103;20221106;1;4500.00;4500.00;Boleto;Concluída
520;HW0010;2064;104;20221111;3;600.00;1800.00;Transferência;Concluída
521;SW0003;2065;105;20221116;1;140.00;140.00;Cartão de Crédito;Concluída
522;HW0004;2066;106;20221121;2;500.00;1000.00;Pix;Concluída
523;HW0002;2067;107;20221126;1;350.00;350.00;Boleto;Concluída
524;SW0004;2068;108;20221201;3;1200.00;3600.00;Transferência;Concluída
525;HW0008;2069;109;20221206;1;240.00;240.00;Cartão de Crédito;Concluída
526;HW0017;2070;110;20221211;2;360.00;720.00;Pix;Concluída
527;HW0001;2071;111;20221216;1;700.00;700.00;Boleto;Concluída
528;SW0001;2072;112;20221221;3;800.00;2400.00;Transferência;Concluída
529;HW0006;2073;113;20221226;1;4500.00;4500.00;Cartão de Crédito;Concluída
530;HW0010;2074;114;20221231;2;600.00;1200.00;Pix;Concluída
531;SW0003;2075;115;20220102;1;140.00;140.00;Boleto;Concluída
532;HW0004;2076;116;20220107;3;500.00;1500.00;Transferência;Concluída
533;HW0002;2077;117;20220112;1;350.00;350.00;Cartão de Crédito;Concluída
534;SW0004;2078;118;20220117;2;1200.00;2400.00;Pix;Concluída
535;HW0008;2079;119;20220122;1;240.00;240.00;Boleto;Concluída
536;HW0017;2080;120;20220127;3;360.00;1080.00;Transferência;Concluída
537;HW0001;2081;101;20220201;1;700.00;700.00;Cartão de Crédito;Concluída
538;SW0001;2082;102;20220206;2;800.00;1600.00;Pix;Concluída
539;HW0006;2083;103;20220211;1;4500.00;4500.00;Boleto;Concluída
540;HW0010;2084;104;20220216;3;600.00;1800.00;Transferência;Concluída
541;SW0003;2085;105;20220221;1;140.00;140.00;Cartão de Crédito;Concluída
542;HW0004;2086;106;20220226;2;500.00;1000.00;Pix;Concluída
543;HW0002;2087;107;20220303;1;350.00;350.00;Boleto;Concluída
544;SW0004;2088;108;20220308;3;1200.00;3600.00;Transferência;Concluída
545;HW0008;2089;109;20220313;1;240.00;240.00;Cartão de Crédito;Concluída
546;HW0017;2090;110;20220318;2;360.00;720.00;Pix;Concluída
547;HW0001;2091;111;20220323;1;700.00;700.00;Boleto;Concluída
548;SW0001;2092;112;20220328;3;800.00;2400.00;Transferência;Concluída
549;HW0006;2093;113;20220402;1;4500.00;4500.00;Cartão de Crédito;Concluída
550;HW0010;2094;114;20220407;2;600.00;1200.00;Pix;Concluída
551;SW0003;2095;115;20220412;1;140.00;140.00;Boleto;Concluída
552;HW0004;2096;116;20220417;3;500.00;1500.00;Transferência;Concluída
553;HW0002;2097;117;20220422;1;350.00;350.00;Cartão de Crédito;Concluída
554;SW0004;2098;118;20220427;2;1200.00;2400.00;Pix;Concluída
555;HW0008;2099;119;20220502;1;240.00;240.00;Boleto;Concluída
556;HW0017;2100;120;20220507;3;360.00;1080.00;Transferência;Concluída
557;HW0001;2101;101;20220512;1;700.00;700.00;Cartão de Crédito;Concluída
558;SW0001;2102;102;20220517;2;800.00;1600.00;Pix;Concluída
559;HW0006;2103;103;20220522;1;4500.00;4500.00;Boleto;Concluída
560;HW0010;2104;104;20220527;3;600.00;1800.00;Transferência;Concluída
561;SW0003;2105;105;20220601;1;140.00;140.00;Cartão de Crédito;Concluída
562;HW0004;2106;106;20220606;2;500.00;1000.00;Pix;Concluída
563;HW0002;2107;107;20220611;1;350.00;350.00;Boleto;Concluída
564;SW0004;2108;108;20220616;3;1200.00;3600.00;Transferência;Concluída
565;HW0008;2109;109;20220621;1;240.00;240.00;Cartão de Crédito;Concluída
566;HW0017;2110;110;20220626;2;360.00;720.00;Pix;Concluída
567;HW0001;2111;111;20220701;1;700.00;700.00;Boleto;Concluída
568;SW0001;2112;112;20220706;3;800.00;2400.00;Transferência;Concluída
569;HW0006;2113;113;20220711;1;4500.00;4500.00;Cartão de Crédito;Concluída
570;HW0010;2114;114;20220716;2;600.00;1200.00;Pix;Concluída
571;SW0003;2115;115;20220721;1;140.00;140.00;Boleto;Concluída
572;HW0004;2116;116;20220726;3;500.00;1500.00;Transferência;Concluída
573;HW0002;2117;117;20220731;1;350.00;350.00;Cartão de Crédito;Concluída
574;SW0004;2118;118;20220805;2;1200.00;2400.00;Pix;Concluída
575;HW0008;2119;119;20220810;1;240.00;240.00;Boleto;Concluída
576;HW0017;2120;120;20220815;3;360.00;1080.00;Transferência;Concluída
577;HW0001;2121;101;20220820;1;700.00;700.00;Cartão de Crédito;Concluída
578;SW0001;2122;102;20220825;2;800.00;1600.00;Pix;Concluída
579;HW0006;2123;103;20220830;1;4500.00;4500.00;Boleto;Concluída
580;HW0010;2124;104;20220904;3;600.00;1800.00;Transferência;Concluída
581;SW0003;2125;105;20220909;1;140.00;140.00;Cartão de Crédito;Concluída
582;HW0004;2126;106;20220914;2;500.00;1000.00;Pix;Concluída
583;HW0002;2127;107;20220919;1;350.00;350.00;Boleto;Concluída
584;SW0004;2128;108;20220924;3;1200.00;3600.00;Transferência;Concluída
585;HW0008;2129;109;20220929;1;240.00;240.00;Boleto;Concluída
586;HW0017;2130;110;20221004;2;360.00;720.00;Pix;Concluída
587;HW0001;2131;111;20221009;1;700.00;700.00;Boleto;Concluída
588;SW0001;2132;112;20221014;3;800.00;2400.00;Transferência;Concluída
589;HW0006;2133;113;20221019;1;4500.00;4500.00;Cartão de Crédito;Concluída
590;HW0010;2134;114;20221024;2;600.00;1200.00;Pix;Concluída
591;SW0003;2135;115;20221029;1;140.00;140.00;Boleto;Concluída
592;HW0004;2136;116;20221103;3;500.00;1500.00;Transferência;Concluída
593;HW0002;2137;117;20221108;1;350.00;350.00;Cartão de Crédito;Concluída
594;SW0004;2138;118;20221113;2;1200.00;2400.00;Pix;Concluída
595;HW0008;2139;119;20221118;1;240.00;240.00;Boleto;Concluída
596;HW0017;2140;120;20221123;3;360.00;1080.00;Transferência;Concluída
597;HW0001;2141;101;20221128;1;700.00;700.00;Cartão de Crédito;Concluída
598;SW0001;2142;102;20221203;2;800.00;1600.00;Pix;Concluída
599;HW0006;2143;103;20221208;1;4500.00;4500.00;Boleto;Concluída
600;HW0010;2144;104;20221213;3;600.00;1800.00;Transferência;Concluída
601;SW0003;2145;105;20221218;1;140.00;140.00;Cartão de Crédito;Concluída
602;HW0004;2146;106;20221223;2;500.00;1000.00;Pix;Concluída
603;HW0002;2147;107;20221228;1;350.00;350.00;Boleto;Concluída
604;SW0004;2148;108;20220103;3;1200.00;3600.00;Transferência;Concluída
605;HW0008;2149;109;20220108;1;240.00;240.00;Cartão de Crédito;Concluída
606;HW0017;2150;110;20220113;2;360.00;720.00;Pix;Concluída
607;HW0001;2151;111;20220118;1;700.00;700.00;Boleto;Concluída
608;SW0001;2152;112;20220123;3;800.00;2400.00;Transferência;Concluída
609;HW0006;2153;113;20220128;1;4500.00;4500.00;Cartão de Crédito;Concluída
610;HW0010;2154;114;20220202;2;600.00;1200.00;Pix;Concluída
611;SW0003;2155;115;20220207;1;140.00;140.00;Boleto;Concluída
612;HW0004;2156;116;20220212;3;500.00;1500.00;Transferência;Concluída
613;HW0002;2157;117;20220217;1;350.00;350.00;Cartão de Crédito;Concluída
614;SW0004;2158;118;20220222;2;1200.00;2400.00;Pix;Concluída
615;HW0008;2159;119;20220227;1;240.00;240.00;Boleto;Concluída
616;HW0017;2160;120;20220304;3;360.00;1080.00;Transferência;Concluída
617;HW0001;2161;101;20220309;1;700.00;700.00;Cartão de Crédito;Concluída
618;SW0001;2162;102;20220314;2;800.00;1600.00;Pix;Concluída
619;HW0006;2163;103;20220319;1;4500.00;4500.00;Boleto;Concluída
620;HW0010;2164;104;20220324;3;600.00;1800.00;Transferência;Concluída
621;SW0003;2165;105;20220329;1;140.00;140.00;Cartão de Crédito;Concluída
622;HW0004;2166;106;20220403;2;500.00;1000.00;Pix;Concluída
623;HW0002;2167;107;20220408;1;350.00;350.00;Boleto;Concluída
624;SW0004;2168;108;20220413;3;1200.00;3600.00;Transferência;Concluída
625;HW0008;2169;109;20220418;1;240.00;240.00;Boleto;Concluída
626;HW0017;2170;110;20220423;2;360.00;720.00;Pix;Concluída
627;HW0001;2171;111;20220428;1;700.00;700.00;Boleto;Concluída
628;SW0001;2172;112;20220503;3;800.00;2400.00;Transferência;Concluída
629;HW0006;2173;113;20220508;1;4500.00;4500.00;Cartão de Crédito;Concluída
630;HW0010;2174;114;20220513;2;600.00;1200.00;Pix;Concluída
631;SW0003;2175;115;20220518;1;140.00;140.00;Boleto;Concluída
632;HW0004;2176;116;20220523;3;500.00;1500.00;Transferência;Concluída
633;HW0002;2177;117;20220528;1;350.00;350.00;Cartão de Crédito;Concluída
634;SW0004;2178;118;20220602;2;1200.00;2400.00;Pix;Concluída
635;HW0008;2179;119;20220607;1;240.00;240.00;Boleto;Concluída
636;HW0017;2180;120;20220612;3;360.00;1080.00;Transferência;Concluída
637;HW0001;2181;101;20220617;1;700.00;700.00;Cartão de Crédito;Concluída
638;SW0001;2182;102;20220622;2;800.00;1600.00;Pix;Concluída
639;HW0006;2183;103;20220627;1;4500.00;4500.00;Boleto;Concluída
640;HW0010;2184;104;20220702;3;600.00;1800.00;Transferência;Concluída
641;SW0003;2185;105;20220707;1;140.00;140.00;Cartão de Crédito;Concluída
642;HW0004;2186;106;20220712;2;500.00;1000.00;Pix;Concluída
643;HW0002;2187;107;20220717;1;350.00;350.00;Boleto;Concluída
644;SW0004;2188;118;20220722;3;1200.00;3600.00;Transferência;Concluída
645;HW0008;2189;119;20220727;1;240.00;240.00;Boleto;Concluída
646;HW0017;2190;120;20220801;2;360.00;720.00;Pix;Concluída
647;HW0001;2191;101;20220806;1;700.00;700.00;Boleto;Concluída
648;SW0001;2192;102;20220811;3;800.00;2400.00;Transferência;Concluída
649;HW0006;2193;103;20220816;1;4500.00;4500.00;Cartão de Crédito;Concluída
650;HW0010;2194;104;20220821;2;600.00;1200.00;Pix;Concluída
651;SW0003;2195;105;20220826;1;140.00;140.00;Boleto;Concluída
652;HW0004;2196;106;20220831;3;500.00;1500.00;Transferência;Concluída
653;HW0002;2197;107;20220905;1;350.00;350.00;Cartão de Crédito;Concluída
654;SW0004;2198;108;20220910;2;1200.00;2400.00;Pix;Concluída
655;HW0008;2199;109;20220915;1;240.00;240.00;Boleto;Concluída
656;HW0017;2200;110;20220920;3;360.00;1080.00;Transferência;Concluída
657;HW0001;2201;111;20220925;1;700.00;700.00;Boleto;Concluída
658;SW0001;2202;112;20220930;2;800.00;1600.00;Pix;Concluída
659;HW0006;2203;113;20221005;1;4500.00;4500.00;Cartão de Crédito;Concluída
660;HW0010;2204;114;20221010;3;600.00;1800.00;Transferência;Concluída
661;SW0003;2205;115;20221015;1;140.00;140.00;Boleto;Concluída
662;HW0004;2206;116;20221020;2;500.00;1000.00;Pix;Concluída
663;HW0002;2207;117;20221025;1;350.00;350.00;Cartão de Crédito;Concluída
664;SW0004;2208;118;20221030;3;1200.00;3600.00;Transferência;Concluída
665;HW0008;2209;119;20221104;1;240.00;240.00;Boleto;Concluída
666;HW0017;2210;120;20221109;2;360.00;720.00;Pix;Concluída
667;HW0001;2211;101;20221114;1;700.00;700.00;Boleto;Concluída
668;SW0001;2212;102;20221119;3;800.00;2400.00;Transferência;Concluída
669;HW0006;2213;103;20221124;1;4500.00;4500.00;Cartão de Crédito;Concluída
670;HW0010;2214;104;20221129;2;600.00;1200.00;Pix;Concluída
671;SW0003;2215;105;20221204;1;140.00;140.00;Boleto;Concluída
672;HW0004;2216;106;20221209;3;500.00;1500.00;Transferência;Concluída
673;HW0002;2217;107;20221214;1;350.00;350.00;Cartão de Crédito;Concluída
674;SW0004;2218;118;20221219;2;1200.00;2400.00;Pix;Concluída
675;HW0008;2219;119;20221224;1;240.00;240.00;Boleto;Concluída
676;HW0017;2220;120;20221229;3;360.00;1080.00;Transferência;Concluída
677;HW0001;2221;101;20220104;1;700.00;700.00;Cartão de Crédito;Concluída
678;SW0001;2222;102;20220109;2;800.00;1600.00;Pix;Concluída
679;HW0006;2223;103;20220114;1;4500.00;4500.00;Boleto;Concluída
680;HW0010;2224;104;20220119;3;600.00;1800.00;Transferência;Concluída
681;SW0003;2225;105;20220124;1;140.00;140.00;Cartão de Crédito;Concluída
682;HW0004;2226;106;20220129;2;500.00;1000.00;Pix;Concluída
683;HW0002;2227;107;20220203;1;350.00;350.00;Boleto;Concluída
684;SW0004;2228;108;20220208;3;1200.00;3600.00;Transferência;Concluída
685;HW0008;2229;119;20220213;1;240.00;240.00;Boleto;Concluída
686;HW0017;2230;120;20220218;2;360.00;720.00;Pix;Concluída
687;HW0001;2231;101;20220223;1;700.00;700.00;Boleto;Concluída
688;SW0001;2232;102;20220228;3;800.00;2400.00;Transferência;Concluída
689;HW0006;2233;103;20220305;1;4500.00;4500.00;Cartão de Crédito;Concluída
690;HW0010;2234;104;20220310;2;600.00;1200.00;Pix;Concluída
691;SW0003;2235;105;20220315;1;140.00;140.00;Boleto;Concluída
692;HW0004;2236;106;20220320;3;500.00;1500.00;Transferência;Concluída
693;HW0002;2237;107;20220325;1;350.00;350.00;Cartão de Crédito;Concluída
694;SW0004;2238;108;20220330;2;1200.00;2400.00;Pix;Concluída
695;HW0008;2239;119;20220404;1;240.00;240.00;Boleto;Concluída
696;HW0017;2240;120;20220409;3;360.00;1080.00;Transferência;Concluída
697;HW0001;2241;101;20220414;1;700.00;700.00;Boleto;Concluída
698;SW0001;2242;102;20220419;2;800.00;1600.00;Pix;Concluída
699;HW0006;2243;103;20220424;1;4500.00;4500.00;Cartão de Crédito;Concluída
700;HW0010;2244;104;20220429;3;600.00;1800.00;Transferência;Concluída
701;SW0003;2245;105;20220504;1;140.00;140.00;Boleto;Concluída
702;HW0004;2246;106;20220509;2;500.00;1000.00;Pix;Concluída
703;HW0002;2247;107;20220514;1;350.00;350.00;Cartão de Crédito;Concluída
704;SW0004;2248;108;20220519;3;1200.00;3600.00;Transferência;Concluída
705;HW0008;2249;119;20220524;1;240.00;240.00;Boleto;Concluída
706;HW0017;2250;120;20220529;2;360.00;720.00;Pix;Concluída
707;HW0001;2251;101;20220603;1;700.00;700.00;Boleto;Concluída
708;SW0001;2252;102;20220608;3;800.00;2400.00;Transferência;Concluída
709;HW0006;2253;103;20220613;1;4500.00;4500.00;Cartão de Crédito;Concluída
710;HW0010;2254;104;20220618;2;600.00;1200.00;Pix;Concluída
711;SW0003;2255;105;20220623;1;140.00;140.00;Boleto;Concluída
712;HW0004;2256;106;20220628;3;500.00;1500.00;Transferência;Concluída
713;HW0002;2257;107;20220703;1;350.00;350.00;Cartão de Crédito;Concluída
714;SW0004;2258;118;20220708;2;1200.00;2400.00;Pix;Concluída
715;HW0008;2259;119;20220713;1;240.00;240.00;Boleto;Concluída
716;HW0017;2260;120;20220718;3;360.00;1080.00;Transferência;Concluída
717;HW0001;2261;101;20220723;1;700.00;700.00;Boleto;Concluída
718;SW0001;2262;102;20220728;2;800.00;1600.00;Pix;Concluída
719;HW0006;2263;103;20220802;1;4500.00;4500.00;Cartão de Crédito;Concluída
720;HW0010;2264;104;20220807;3;600.00;1800.00;Transferência;Concluída
721;SW0003;2265;105;20220812;1;140.00;140.00;Boleto;Concluída
722;HW0004;2266;106;20220817;2;500.00;1000.00;Pix;Concluída
723;HW0002;2267;107;20220822;1;350.00;350.00;Cartão de Crédito;Concluída
724;SW0004;2268;108;20220827;3;1200.00;3600.00;Transferência;Concluída
725;HW0008;2269;119;20220901;1;240.00;240.00;Boleto;Concluída
726;HW0017;2270;120;20220906;2;360.00;720.00;Pix;Concluída
727;HW0001;2271;101;20220911;1;700.00;700.00;Boleto;Concluída
728;SW0001;2272;102;20220916;3;800.00;2400.00;Transferência;Concluída
729;HW0006;2273;103;20220921;1;4500.00;4500.00;Cartão de Crédito;Concluída
730;HW0010;2274;104;20220926;2;600.00;1200.00;Pix;Concluída
731;SW0003;2275;105;20221001;1;140.00;140.00;Boleto;Concluída
732;HW0004;2276;106;20221006;3;500.00;1500.00;Transferência;Concluída
733;HW0002;2277;107;20221011;1;350.00;350.00;Cartão de Crédito;Concluída
734;SW0004;2278;118;20221016;2;1200.00;2400.00;Pix;Concluída
735;HW0008;2279;119;20221021;1;240.00;240.00;Boleto;Concluída
736;HW0017;2280;120;20221026;3;360.00;1080.00;Transferência;Concluída
737;HW0001;2281;101;20221031;1;700.00;700.00;Cartão de Crédito;Concluída
738;SW0001;2282;102;20221105;2;800.00;1600.00;Pix;Concluída
739;HW0006;2283;103;20221110;1;4500.00;4500.00;Boleto;Concluída
740;HW0010;2284;104;20221115;3;600.00;1800.00;Transferência;Concluída
741;SW0003;2285;105;20221120;1;140.00;140.00;Boleto;Concluída
742;HW0004;2286;106;20221125;2;500.00;1000.00;Pix;Concluída
743;HW0002;2287;107;20221130;1;350.00;350.00;Cartão de Crédito;Concluída
744;SW0004;2288;118;20221205;3;1200.00;3600.00;Transferência;Concluída
745;HW0008;2289;119;20221210;1;240.00;240.00;Boleto;Concluída
746;HW0017;2290;120;20221215;2;360.00;720.00;Pix;Concluída
747;HW0001;2291;101;20221220;1;700.00;700.00;Boleto;Concluída
748;SW0001;2292;102;20221225;3;800.00;2400.00;Transferência;Concluída
749;HW0006;2293;103;20221230;1;4500.00;4500.00;Cartão de Crédito;Concluída
750;HW0010;2294;104;20220101;2;600.00;1200.00;Pix;Concluída
751;SW0003;2295;105;20220106;1;140.00;140.00;Boleto;Concluída
752;HW0004;2296;106;20220111;3;500.00;1500.00;Transferência;Concluída
753;HW0002;2297;107;20220116;1;350.00;350.00;Cartão de Crédito;Concluída
754;SW0004;2298;108;20220121;2;1200.00;2400.00;Pix;Concluída
755;HW0008;2299;119;20220126;1;240.00;240.00;Boleto;Concluída
756;HW0017;2300;120;20220131;3;360.00;1080.00;Transferência;Concluída
757;HW0001;2301;101;20220205;1;700.00;700.00;Cartão de Crédito;Concluída
758;SW0001;2302;102;20220210;2;800.00;1600.00;Pix;Concluída
759;HW0006;2303;103;20220215;1;4500.00;4500.00;Boleto;Concluída
760;HW0010;2304;104;20220220;3;600.00;1800.00;Transferência;Concluída
761;SW0003;2305;105;20220225;1;140.00;140.00;Boleto;Concluída
762;HW0004;2306;106;20220302;2;500.00;1000.00;Pix;Concluída
763;HW0002;2307;107;20220307;1;350.00;350.00;Cartão de Crédito;Concluída
764;SW0004;2308;108;20220312;3;1200.00;3600.00;Transferência;Concluída
765;HW0008;2309;119;20220317;1;240.00;240.00;Boleto;Concluída
766;HW0017;2310;120;20220322;2;360.00;720.00;Pix;Concluída
767;HW0001;2211;101;20220327;1;700.00;700.00;Boleto;Concluída
768;SW0001;2212;102;20220401;3;800.00;2400.00;Transferência;Concluída
769;HW0006;2001;101;20230105;1;4500.00;4500.00;Cartão de Crédito;Concluída
770;SW0001;2002;102;20230110;2;800.00;1600.00;Pix;Concluída
771;HW0010;2003;103;20230115;3;600.00;1800.00;Boleto;Concluída
772;SW0003;2004;104;20230120;1;140.00;140.00;Transferência;Concluída
773;HW0004;2005;105;20230125;2;500.00;1000.00;Cartão de Crédito;Concluída
774;HW0002;2006;106;20230130;1;350.00;350.00;Pix;Concluída
775;SW0004;2007;107;20230204;3;1200.00;3600.00;Boleto;Concluída
776;HW0008;2008;108;20230209;1;240.00;240.00;Transferência;Concluída
777;HW0017;2009;109;20230214;2;360.00;720.00;Cartão de Crédito;Concluída
778;HW0001;2010;110;20230219;1;700.00;700.00;Pix;Concluída
779;SW0001;2011;111;20230224;3;800.00;2400.00;Boleto;Concluída
780;HW0006;2012;112;20230301;1;4500.00;4500.00;Transferência;Concluída
781;HW0010;2013;113;20230306;2;600.00;1200.00;Cartão de Crédito;Concluída
782;SW0003;2014;114;20230311;1;140.00;140.00;Pix;Concluída
783;HW0004;2015;115;20230316;3;500.00;1500.00;Boleto;Concluída
784;HW0002;2016;116;20230321;1;350.00;350.00;Transferência;Concluída
785;SW0004;2017;117;20230326;2;1200.00;2400.00;Cartão de Crédito;Concluída
786;HW0008;2018;118;20230331;1;240.00;240.00;Pix;Concluída
787;HW0017;2019;119;20230405;3;360.00;1080.00;Boleto;Concluída
788;HW0001;2020;120;20230410;1;700.00;700.00;Transferência;Concluída
789;SW0001;2021;101;20230415;2;800.00;1600.00;Cartão de Crédito;Concluída
790;HW0006;2022;102;20230420;1;4500.00;4500.00;Pix;Concluída
791;HW0010;2023;103;20230425;3;600.00;1800.00;Boleto;Concluída
792;SW0003;2024;104;20230430;1;140.00;140.00;Transferência;Concluída
793;HW0004;2025;105;20230505;2;500.00;1000.00;Cartão de Crédito;Concluída
794;HW0002;2026;106;20230510;1;350.00;350.00;Pix;Concluída
795;SW0004;2027;107;20230515;3;1200.00;3600.00;Boleto;Concluída
796;HW0008;2028;108;20230520;1;240.00;240.00;Transferência;Concluída
797;HW0017;2029;109;20230525;2;360.00;720.00;Cartão de Crédito;Concluída
798;HW0001;2030;110;20230530;1;700.00;700.00;Pix;Concluída
799;SW0001;2031;111;20230604;3;800.00;2400.00;Boleto;Concluída
800;HW0006;2032;112;20230609;1;4500.00;4500.00;Transferência;Concluída
801;HW0010;2033;113;20230614;2;600.00;1200.00;Cartão de Crédito;Concluída
802;SW0003;2034;114;20230619;1;140.00;140.00;Pix;Concluída
803;HW0004;2035;115;20230624;3;500.00;1500.00;Boleto;Concluída
804;HW0002;2036;116;20230629;1;350.00;350.00;Transferência;Concluída
805;SW0004;2037;117;20230704;2;1200.00;2400.00;Cartão de Crédito;Concluída
806;HW0008;2038;118;20230709;1;240.00;240.00;Pix;Concluída
807;HW0017;2039;119;20230714;3;360.00;1080.00;Boleto;Concluída
808;HW0001;2040;120;20230719;1;700.00;700.00;Transferência;Concluída
809;SW0001;2041;101;20230724;2;800.00;1600.00;Cartão de Crédito;Concluída
810;HW0006;2042;102;20230729;1;4500.00;4500.00;Pix;Concluída
811;HW0010;2043;103;20230803;3;600.00;1800.00;Boleto;Concluída
812;SW0003;2044;104;20230808;1;140.00;140.00;Transferência;Concluída
813;HW0004;2045;105;20230813;2;500.00;1000.00;Cartão de Crédito;Concluída
814;HW0002;2046;106;20230818;1;350.00;350.00;Pix;Concluída
815;SW0004;2047;107;20230823;3;1200.00;3600.00;Boleto;Concluída
816;HW0008;2048;108;20230828;1;240.00;240.00;Transferência;Concluída
817;HW0017;2049;109;20230902;2;360.00;720.00;Cartão de Crédito;Concluída
818;HW0001;2050;110;20230907;1;700.00;700.00;Pix;Concluída
819;SW0001;2051;111;20230912;3;800.00;2400.00;Boleto;Concluída
820;HW0006;2052;112;20230917;1;4500.00;4500.00;Transferência;Concluída
821;HW0010;2053;113;20230922;2;600.00;1200.00;Cartão de Crédito;Concluída
822;SW0003;2054;114;20230927;1;140.00;140.00;Pix;Concluída
823;HW0004;2055;115;20231002;3;500.00;1500.00;Boleto;Concluída
824;HW0002;2056;116;20231007;1;350.00;350.00;Transferência;Concluída
825;SW0004;2057;117;20231012;2;1200.00;2400.00;Cartão de Crédito;Concluída
826;HW0008;2058;118;20231017;1;240.00;240.00;Pix;Concluída
827;HW0017;2059;119;20231022;3;360.00;1080.00;Boleto;Concluída
828;HW0001;2060;120;20231027;1;700.00;700.00;Transferência;Concluída
829;SW0001;2061;101;20231101;2;800.00;1600.00;Cartão de Crédito;Concluída
830;HW0006;2062;102;20231106;1;4500.00;4500.00;Pix;Concluída
831;HW0010;2063;103;20231111;3;600.00;1800.00;Boleto;Concluída
832;SW0003;2064;104;20231116;1;140.00;140.00;Transferência;Concluída
833;HW0004;2065;105;20231121;2;500.00;1000.00;Cartão de Crédito;Concluída
834;HW0002;2066;106;20231126;1;350.00;350.00;Pix;Concluída
835;SW0004;2067;107;20231201;3;1200.00;3600.00;Boleto;Concluída
836;HW0008;2068;108;20231206;1;240.00;240.00;Transferência;Concluída
837;HW0017;2069;109;20231211;2;360.00;720.00;Cartão de Crédito;Concluída
838;HW0001;2070;110;20231216;1;700.00;700.00;Pix;Concluída
839;SW0001;2071;111;20231221;3;800.00;2400.00;Boleto;Concluída
840;HW0006;2072;112;20231226;1;4500.00;4500.00;Transferência;Concluída
841;HW0010;2073;113;20231231;2;600.00;1200.00;Cartão de Crédito;Concluída
842;SW0003;2074;114;20230102;1;140.00;140.00;Pix;Concluída
843;HW0004;2075;115;20230107;3;500.00;1500.00;Boleto;Concluída
844;HW0002;2076;116;20230112;1;350.00;350.00;Transferência;Concluída
845;SW0004;2077;117;20230117;2;1200.00;2400.00;Cartão de Crédito;Concluída
846;HW0008;2078;118;20230122;1;240.00;240.00;Pix;Concluída
847;HW0017;2079;119;20230127;3;360.00;1080.00;Boleto;Concluída
848;HW0001;2080;120;20230201;1;700.00;700.00;Transferência;Concluída
849;SW0001;2081;101;20230206;2;800.00;1600.00;Cartão de Crédito;Concluída
850;HW0006;2082;102;20230211;1;4500.00;4500.00;Pix;Concluída
851;HW0010;2083;103;20230216;3;600.00;1800.00;Boleto;Concluída
852;SW0003;2084;104;20230221;1;140.00;140.00;Transferência;Concluída
853;HW0004;2085;105;20230226;2;500.00;1000.00;Cartão de Crédito;Concluída
854;HW0002;2086;106;20230303;1;350.00;350.00;Pix;Concluída
855;SW0004;2087;107;20230308;3;1200.00;3600.00;Boleto;Concluída
856;HW0008;2088;108;20230313;1;240.00;240.00;Transferência;Concluída
857;HW0017;2089;119;20230318;2;360.00;720.00;Cartão de Crédito;Concluída
858;HW0001;2090;120;20230323;1;700.00;700.00;Pix;Concluída
859;SW0001;2091;101;20230328;3;800.00;2400.00;Boleto;Concluída
860;HW0006;2092;102;20230402;1;4500.00;4500.00;Transferência;Concluída
861;HW0010;2093;103;20230407;2;600.00;1200.00;Cartão de Crédito;Concluída
862;SW0003;2094;104;20230412;1;140.00;140.00;Pix;Concluída
863;HW0004;2095;105;20230417;3;500.00;1500.00;Boleto;Concluída
864;HW0002;2096;106;20230422;1;350.00;350.00;Transferência;Concluída
865;SW0004;2097;107;20230427;2;1200.00;2400.00;Cartão de Crédito;Concluída
866;HW0008;2098;108;20230502;1;240.00;240.00;Pix;Concluída
867;HW0017;2099;119;20230507;3;360.00;1080.00;Boleto;Concluída
868;HW0001;2100;120;20230512;1;700.00;700.00;Transferência;Concluída
869;SW0001;2101;101;20230517;2;800.00;1600.00;Cartão de Crédito;Concluída
870;HW0006;2102;102;20230522;1;4500.00;4500.00;Pix;Concluída
871;HW0010;2103;103;20230527;3;600.00;1800.00;Boleto;Concluída
872;SW0003;2104;104;20230601;1;140.00;140.00;Transferência;Concluída
873;HW0004;2105;105;20230606;2;500.00;1000.00;Cartão de Crédito;Concluída
874;HW0002;2106;106;20230611;1;350.00;350.00;Pix;Concluída
875;SW0004;2107;107;20230616;3;1200.00;3600.00;Boleto;Concluída
876;HW0008;2108;108;20230621;1;240.00;240.00;Transferência;Concluída
877;HW0017;2109;119;20230626;2;360.00;720.00;Cartão de Crédito;Concluída
878;HW0001;2110;110;20230701;1;700.00;700.00;Pix;Concluída
879;SW0001;2111;111;20230706;3;800.00;2400.00;Boleto;Concluída
880;HW0006;2112;112;20230711;1;4500.00;4500.00;Transferência;Concluída
881;HW0010;2113;113;20230716;2;600.00;1200.00;Cartão de Crédito;Concluída
882;SW0003;2114;114;20230721;1;140.00;140.00;Pix;Concluída
883;HW0004;2115;115;20230726;3;500.00;1500.00;Boleto;Concluída
884;HW0002;2116;116;20230731;1;350.00;350.00;Transferência;Concluída
885;SW0004;2117;117;20230805;2;1200.00;2400.00;Cartão de Crédito;Concluída
886;HW0008;2118;118;20230810;1;240.00;240.00;Pix;Concluída
887;HW0017;2119;119;20230815;3;360.00;1080.00;Boleto;Concluída
888;HW0001;2120;120;20230820;1;700.00;700.00;Transferência;Concluída
889;SW0001;2121;101;20230825;2;800.00;1600.00;Cartão de Crédito;Concluída
890;HW0006;2122;102;20230830;1;4500.00;4500.00;Pix;Concluída
891;HW0010;2123;103;20230904;3;600.00;1800.00;Boleto;Concluída
892;SW0003;2124;104;20230909;1;140.00;140.00;Transferência;Concluída
893;HW0004;2125;105;20230914;2;500.00;1000.00;Cartão de Crédito;Concluída
894;HW0002;2126;106;20230919;1;350.00;350.00;Pix;Concluída
895;SW0004;2127;107;20230924;3;1200.00;3600.00;Boleto;Concluída
896;HW0008;2128;108;20230929;1;240.00;240.00;Transferência;Concluída
897;HW0017;2129;119;20231004;2;360.00;720.00;Cartão de Crédito;Concluída
898;HW0001;2130;120;20231009;1;700.00;700.00;Pix;Concluída
899;SW0001;2131;101;20231014;3;800.00;2400.00;Boleto;Concluída
900;HW0006;2132;102;20231019;1;4500.00;4500.00;Transferência;Concluída
901;HW0010;2133;103;20231024;2;600.00;1200.00;Cartão de Crédito;Concluída
902;SW0003;2134;104;20231029;1;140.00;140.00;Pix;Concluída
903;HW0004;2135;105;20231103;3;500.00;1500.00;Boleto;Concluída
904;HW0002;2136;106;20231108;1;350.00;350.00;Transferência;Concluída
905;SW0004;2137;107;20231113;2;1200.00;2400.00;Cartão de Crédito;Concluída
906;HW0008;2138;108;20231118;1;240.00;240.00;Pix;Concluída
907;HW0017;2139;119;20231123;3;360.00;1080.00;Boleto;Concluída
908;HW0001;2140;120;20231128;1;700.00;700.00;Transferência;Concluída
909;SW0001;2141;101;20231203;2;800.00;1600.00;Cartão de Crédito;Concluída
910;HW0006;2142;102;20231208;1;4500.00;4500.00;Pix;Concluída
911;HW0010;2143;103;20231213;3;600.00;1800.00;Boleto;Concluída
912;SW0003;2144;104;20231218;1;140.00;140.00;Transferência;Concluída
913;HW0004;2145;105;20231223;2;500.00;1000.00;Cartão de Crédito;Concluída
914;HW0002;2146;106;20231228;1;350.00;350.00;Pix;Concluída
915;SW0004;2147;107;20230103;3;1200.00;3600.00;Boleto;Concluída
916;HW0008;2148;108;20230108;1;240.00;240.00;Transferência;Concluída
917;HW0017;2149;119;20230113;2;360.00;720.00;Cartão de Crédito;Concluída
918;HW0001;2150;120;20230118;1;700.00;700.00;Pix;Concluída
919;SW0001;2151;101;20230123;3;800.00;2400.00;Boleto;Concluída
920;HW0006;2152;102;20230128;1;4500.00;4500.00;Transferência;Concluída
921;HW0010;2153;103;20230202;2;600.00;1200.00;Cartão de Crédito;Concluída
922;SW0003;2154;104;20230207;1;140.00;140.00;Pix;Concluída
923;HW0004;2155;105;20230212;3;500.00;1500.00;Boleto;Concluída
924;HW0002;2156;106;20230217;1;350.00;350.00;Transferência;Concluída
925;SW0004;2157;107;20230222;2;1200.00;2400.00;Cartão de Crédito;Concluída
926;HW0008;2158;108;20230227;1;240.00;240.00;Pix;Concluída
927;HW0017;2159;119;20230304;3;360.00;1080.00;Boleto;Concluída
928;HW0001;2160;120;20230309;1;700.00;700.00;Transferência;Concluída
929;SW0001;2161;101;20230314;2;800.00;1600.00;Cartão de Crédito;Concluída
930;HW0006;2162;102;20230319;1;4500.00;4500.00;Pix;Concluída
931;HW0010;2163;103;20230324;3;600.00;1800.00;Boleto;Concluída
932;SW0003;2164;104;20230329;1;140.00;140.00;Transferência;Concluída
933;HW0004;2165;105;20230403;2;500.00;1000.00;Cartão de Crédito;Concluída
934;HW0002;2166;106;20230408;1;350.00;350.00;Pix;Concluída
935;SW0004;2167;107;20230413;3;1200.00;3600.00;Boleto;Concluída
936;HW0008;2168;108;20230418;1;240.00;240.00;Transferência;Concluída
937;HW0017;2169;119;20230423;2;360.00;720.00;Cartão de Crédito;Concluída
938;HW0001;2170;120;20230428;1;700.00;700.00;Pix;Concluída
939;SW0001;2171;101;20230503;3;800.00;2400.00;Boleto;Concluída
940;HW0006;2172;102;20230508;1;4500.00;4500.00;Transferência;Concluída
941;HW0010;2173;103;20230513;2;600.00;1200.00;Cartão de Crédito;Concluída
942;SW0003;2174;104;20230518;1;140.00;140.00;Pix;Concluída
943;HW0004;2175;105;20230523;3;500.00;1500.00;Boleto;Concluída
944;HW0002;2176;106;20230528;1;350.00;350.00;Transferência;Concluída
945;SW0004;2177;107;20230602;2;1200.00;2400.00;Cartão de Crédito;Concluída
946;HW0008;2178;108;20230607;1;240.00;240.00;Pix;Concluída
947;HW0017;2179;119;20230612;3;360.00;1080.00;Boleto;Concluída
948;HW0001;2180;120;20230617;1;700.00;700.00;Transferência;Concluída
949;SW0001;2181;101;20230622;2;800.00;1600.00;Cartão de Crédito;Concluída
950;HW0006;2182;102;20230627;1;4500.00;4500.00;Pix;Concluída
951;HW0010;2183;103;20230702;3;600.00;1800.00;Boleto;Concluída
952;SW0003;2184;104;20230707;1;140.00;140.00;Transferência;Concluída
953;HW0004;2185;105;20230712;2;500.00;1000.00;Cartão de Crédito;Concluída
954;HW0002;2186;106;20230717;1;350.00;350.00;Pix;Concluída
955;SW0004;2187;107;20230722;3;1200.00;3600.00;Boleto;Concluída
956;HW0008;2188;108;20230727;1;240.00;240.00;Transferência;Concluída
957;HW0017;2189;119;20230801;2;360.00;720.00;Cartão de Crédito;Concluída
958;HW0001;2190;120;20230806;1;700.00;700.00;Pix;Concluída
959;SW0001;2191;101;20230811;3;800.00;2400.00;Boleto;Concluída
960;HW0006;2192;102;20230816;1;4500.00;4500.00;Transferência;Concluída
961;HW0010;2193;103;20230821;2;600.00;1200.00;Cartão de Crédito;Concluída
962;SW0003;2194;104;20230826;1;140.00;140.00;Pix;Concluída
963;HW0004;2195;105;20230831;3;500.00;1500.00;Boleto;Concluída
964;HW0002;2196;106;20230905;1;350.00;350.00;Transferência;Concluída
965;SW0004;2197;107;20230910;2;1200.00;2400.00;Cartão de Crédito;Concluída
966;HW0008;2198;108;20230915;1;240.00;240.00;Pix;Concluída
967;HW0017;2199;119;20230920;3;360.00;1080.00;Boleto;Concluída
968;HW0001;2200;120;20230925;1;700.00;700.00;Transferência;Concluída
969;SW0001;2201;101;20230930;2;800.00;1600.00;Cartão de Crédito;Concluída
970;HW0006;2202;102;20231005;1;4500.00;4500.00;Pix;Concluída
971;HW0010;2203;103;20231010;3;600.00;1800.00;Boleto;Concluída
972;SW0003;2204;104;20231015;1;140.00;140.00;Transferência;Concluída
973;HW0004;2205;105;20231020;2;500.00;1000.00;Cartão de Crédito;Concluída
974;HW0002;2206;106;20231025;1;350.00;350.00;Pix;Concluída
975;SW0004;2207;107;20231030;3;1200.00;3600.00;Boleto;Concluída
976;HW0008;2208;108;20231104;1;240.00;240.00;Transferência;Concluída
977;HW0017;2209;119;20231109;2;360.00;720.00;Cartão de Crédito;Concluída
978;HW0001;2210;120;20231114;1;700.00;700.00;Pix;Concluída
979;SW0001;2211;101;20231119;3;800.00;2400.00;Boleto;Concluída
980;HW0006;2212;102;20231124;1;4500.00;4500.00;Transferência;Concluída
981;HW0010;2213;103;20231129;2;600.00;1200.00;Cartão de Crédito;Concluída
982;SW0003;2214;104;20231204;1;140.00;140.00;Pix;Concluída
983;HW0004;2215;105;20231209;3;500.00;1500.00;Boleto;Concluída
984;HW0002;2216;106;20231214;1;350.00;350.00;Transferência;Concluída
985;SW0004;2217;107;20231219;2;1200.00;2400.00;Cartão de Crédito;Concluída
986;HW0008;2218;108;20231224;1;240.00;240.00;Pix;Concluída
987;HW0017;2219;119;20231229;3;360.00;1080.00;Boleto;Concluída
988;HW0001;2220;120;20230101;1;700.00;700.00;Transferência;Concluída
989;SW0001;2221;101;20230106;2;800.00;1600.00;Cartão de Crédito;Concluída
990;HW0006;2222;102;20230111;1;4500.00;4500.00;Pix;Concluída
991;HW0010;2223;103;20230116;3;600.00;1800.00;Boleto;Concluída
992;SW0003;2224;104;20230121;1;140.00;140.00;Transferência;Concluída
993;HW0004;2225;105;20230126;2;500.00;1000.00;Cartão de Crédito;Concluída
994;HW0002;2226;106;20230131;1;350.00;350.00;Pix;Concluída
995;SW0004;2227;107;20230205;3;1200.00;3600.00;Boleto;Concluída
996;HW0008;2228;108;20230210;1;240.00;240.00;Transferência;Concluída
997;HW0017;2229;119;20230215;2;360.00;720.00;Cartão de Crédito;Concluída
998;HW0001;2230;120;20230220;1;700.00;700.00;Pix;Concluída
999;SW0001;2231;101;20230225;3;800.00;2400.00;Boleto;Concluída
1000;HW0006;2232;102;20230302;1;4500.00;4500.00;Transferência;Concluída
1001;HW0010;2233;103;20230307;2;600.00;1200.00;Cartão de Crédito;Concluída
1002;SW0003;2234;104;20230312;1;140.00;140.00;Pix;Concluída
1003;HW0004;2235;105;20230317;3;500.00;1500.00;Boleto;Concluída
1004;HW0002;2236;106;20230322;1;350.00;350.00;Transferência;Concluída
1005;SW0004;2237;107;20230327;2;1200.00;2400.00;Cartão de Crédito;Concluída
1006;HW0008;2238;108;20230401;1;240.00;240.00;Pix;Concluída
1007;HW0017;2239;119;20230406;3;360.00;1080.00;Boleto;Concluída
1008;HW0001;2240;120;20230411;1;700.00;700.00;Transferência;Concluída
1009;SW0001;2241;101;20230416;2;800.00;1600.00;Cartão de Crédito;Concluída
1010;HW0006;2242;102;20230421;1;4500.00;4500.00;Pix;Concluída
1011;HW0010;2243;103;20230426;3;600.00;1800.00;Boleto;Concluída
1012;SW0003;2244;104;20230501;1;140.00;140.00;Transferência;Concluída
1013;HW0004;2245;105;20230506;2;500.00;1000.00;Cartão de Crédito;Concluída
1014;HW0002;2246;106;20230511;1;350.00;350.00;Pix;Concluída
1015;SW0004;2247;107;20230516;3;1200.00;3600.00;Boleto;Concluída
1016;HW0008;2248;108;20230521;1;240.00;240.00;Transferência;Concluída
1017;HW0017;2249;119;20230526;2;360.00;720.00;Cartão de Crédito;Concluída
1018;HW0001;2250;120;20230531;1;700.00;700.00;Pix;Concluída
1019;SW0001;2251;101;20230605;3;800.00;2400.00;Boleto;Concluída
1020;HW0006;2252;102;20230610;1;4500.00;4500.00;Transferência;Concluída
1021;HW0010;2253;103;20230615;2;600.00;1200.00;Cartão de Crédito;Concluída
1022;SW0003;2254;104;20230620;1;140.00;140.00;Pix;Concluída
1023;HW0004;2255;105;20230625;3;500.00;1500.00;Boleto;Concluída
1024;HW0002;2256;106;20230630;1;350.00;350.00;Transferência;Concluída
1025;SW0004;2257;107;20230705;2;1200.00;2400.00;Cartão de Crédito;Concluída
1026;HW0008;2258;108;20230710;1;240.00;240.00;Pix;Concluída
1027;HW0017;2259;119;20230715;3;360.00;1080.00;Boleto;Concluída
1029;HW0001;2001;101;20240101;1;700.00;700.00;Cartão de Crédito;Concluída
1030;SW0001;2002;102;20240105;2;800.00;1600.00;Pix;Concluída
1031;HW0006;2003;103;20240110;1;4500.00;4500.00;Boleto;Concluída
1032;HW0010;2004;104;20240115;3;600.00;1800.00;Transferência;Concluída
1033;SW0003;2005;105;20240120;1;140.00;140.00;Cartão de Crédito;Concluída
1034;HW0004;2006;106;20240125;2;500.00;1000.00;Pix;Concluída
1035;HW0002;2007;107;20240130;1;350.00;350.00;Boleto;Concluída
1036;SW0004;2008;108;20240204;3;1200.00;3600.00;Transferência;Concluída
1037;HW0008;2009;109;20240209;1;240.00;240.00;Cartão de Crédito;Concluída
1038;HW0017;2010;110;20240214;2;360.00;720.00;Pix;Concluída
1039;HW0001;2011;111;20240219;1;700.00;700.00;Boleto;Concluída
1040;SW0001;2012;112;20240224;3;800.00;2400.00;Transferência;Concluída
1041;HW0006;2013;113;20240229;1;4500.00;4500.00;Cartão de Crédito;Concluída
1042;HW0010;2014;114;20240305;2;600.00;1200.00;Pix;Concluída
1043;SW0003;2015;115;20240310;1;140.00;140.00;Boleto;Concluída
1044;HW0004;2016;116;20240315;3;500.00;1500.00;Transferência;Concluída
1045;HW0002;2017;117;20240320;1;350.00;350.00;Cartão de Crédito;Concluída
1046;SW0004;2018;118;20240325;2;1200.00;2400.00;Pix;Concluída
1047;HW0008;2019;119;20240330;1;240.00;240.00;Boleto;Concluída
1048;HW0017;2020;120;20240404;3;360.00;1080.00;Transferência;Concluída
1049;HW0001;2021;101;20240409;1;700.00;700.00;Cartão de Crédito;Concluída
1050;SW0001;2022;102;20240414;2;800.00;1600.00;Pix;Concluída
1051;HW0006;2023;103;20240419;1;4500.00;4500.00;Boleto;Concluída
1052;HW0010;2024;104;20240424;3;600.00;1800.00;Transferência;Concluída
1053;SW0003;2025;105;20240429;1;140.00;140.00;Cartão de Crédito;Concluída
1054;HW0004;2026;106;20240504;2;500.00;1000.00;Pix;Concluída
1055;HW0002;2027;107;20240509;1;350.00;350.00;Boleto;Concluída
1056;SW0004;2028;108;20240514;3;1200.00;3600.00;Transferência;Concluída
1057;HW0008;2029;109;20240519;1;240.00;240.00;Cartão de Crédito;Concluída
1058;HW0017;2030;110;20240524;2;360.00;720.00;Pix;Concluída
1059;HW0001;2031;111;20240529;1;700.00;700.00;Boleto;Concluída
1060;SW0001;2032;112;20240603;3;800.00;2400.00;Transferência;Concluída
1061;HW0006;2033;113;20240608;1;4500.00;4500.00;Cartão de Crédito;Concluída
1062;HW0010;2034;114;20240613;2;600.00;1200.00;Pix;Concluída
1063;SW0003;2035;115;20240618;1;140.00;140.00;Boleto;Concluída
1064;HW0004;2036;116;20240623;3;500.00;1500.00;Transferência;Concluída
1065;HW0002;2037;117;20240628;1;350.00;350.00;Cartão de Crédito;Concluída
1066;SW0004;2038;118;20240703;2;1200.00;2400.00;Pix;Concluída
1067;HW0008;2039;119;20240708;1;240.00;240.00;Boleto;Concluída
1068;HW0017;2040;120;20240713;3;360.00;1080.00;Transferência;Concluída
1069;HW0001;2041;101;20240718;1;700.00;700.00;Cartão de Crédito;Concluída
1070;SW0001;2042;102;20240723;2;800.00;1600.00;Pix;Concluída
1071;HW0006;2043;103;20240728;1;4500.00;4500.00;Boleto;Concluída
1072;HW0010;2044;104;20240802;3;600.00;1800.00;Transferência;Concluída
1073;SW0003;2045;105;20240807;1;140.00;140.00;Cartão de Crédito;Concluída
1074;HW0004;2046;106;20240812;2;500.00;1000.00;Pix;Concluída
1075;HW0002;2047;107;20240817;1;350.00;350.00;Boleto;Concluída
1076;SW0004;2048;108;20240822;3;1200.00;3600.00;Transferência;Concluída
1077;HW0008;2049;109;20240827;1;240.00;240.00;Cartão de Crédito;Concluída
1078;HW0017;2050;110;20240901;2;360.00;720.00;Pix;Concluída
1079;HW0001;2051;111;20240906;1;700.00;700.00;Boleto;Concluída
1080;SW0001;2052;112;20240911;3;800.00;2400.00;Transferência;Concluída
1081;HW0006;2053;113;20240916;1;4500.00;4500.00;Cartão de Crédito;Concluída
1082;HW0010;2054;114;20240921;2;600.00;1200.00;Pix;Concluída
1083;SW0003;2055;115;20240926;1;140.00;140.00;Boleto;Concluída
1084;HW0004;2056;116;20241001;3;500.00;1500.00;Transferência;Concluída
1085;HW0002;2057;117;20241006;1;350.00;350.00;Cartão de Crédito;Concluída
1086;SW0004;2058;118;20241011;2;1200.00;2400.00;Pix;Concluída
1087;HW0008;2059;119;20241016;1;240.00;240.00;Boleto;Concluída
1088;HW0017;2060;120;20241021;3;360.00;1080.00;Transferência;Concluída
1089;HW0001;2061;101;20241026;1;700.00;700.00;Cartão de Crédito;Concluída
1090;SW0001;2062;102;20241031;2;800.00;1600.00;Pix;Concluída
1091;HW0006;2063;103;20241105;1;4500.00;4500.00;Boleto;Concluída
1092;HW0010;2064;104;20241110;3;600.00;1800.00;Transferência;Concluída
1093;SW0003;2065;105;20241115;1;140.00;140.00;Cartão de Crédito;Concluída
1094;HW0004;2066;106;20241120;2;500.00;1000.00;Pix;Concluída
1095;HW0002;2067;107;20241125;1;350.00;350.00;Boleto;Concluída
1096;SW0004;2068;108;20241130;3;1200.00;3600.00;Transferência;Concluída
1097;HW0008;2069;109;20241205;1;240.00;240.00;Cartão de Crédito;Concluída
1098;HW0017;2070;110;20241210;2;360.00;720.00;Pix;Concluída
1099;HW0001;2071;111;20241215;1;700.00;700.00;Boleto;Concluída
1100;SW0001;2072;112;20241220;3;800.00;2400.00;Transferência;Concluída
1101;HW0006;2073;113;20241225;1;4500.00;4500.00;Cartão de Crédito;Concluída
1102;HW0010;2074;114;20241230;2;600.00;1200.00;Pix;Concluída
1103;SW0003;2075;115;20240102;1;140.00;140.00;Boleto;Concluída
1104;HW0004;2076;116;20240107;3;500.00;1500.00;Transferência;Concluída
1105;HW0002;2077;117;20240112;1;350.00;350.00;Cartão de Crédito;Concluída
1106;SW0004;2078;118;20240117;2;1200.00;2400.00;Pix;Concluída
1107;HW0008;2079;119;20240122;1;240.00;240.00;Boleto;Concluída
1108;HW0017;2080;120;20240127;3;360.00;1080.00;Transferência;Concluída
1109;HW0001;2081;101;20240201;1;700.00;700.00;Cartão de Crédito;Concluída
1110;SW0001;2082;102;20240206;2;800.00;1600.00;Pix;Concluída
1111;HW0006;2083;103;20240211;1;4500.00;4500.00;Boleto;Concluída
1112;HW0010;2084;104;20240216;3;600.00;1800.00;Transferência;Concluída
1113;SW0003;2085;105;20240221;1;140.00;140.00;Cartão de Crédito;Concluída
1114;HW0004;2086;106;20240226;2;500.00;1000.00;Pix;Concluída
1115;HW0002;2087;107;20240302;1;350.00;350.00;Boleto;Concluída
1116;SW0004;2088;108;20240307;3;1200.00;3600.00;Transferência;Concluída
1117;HW0008;2089;119;20240312;1;240.00;240.00;Boleto;Concluída
1118;HW0017;2090;120;20240317;2;360.00;720.00;Pix;Concluída
1119;HW0001;2091;101;20240322;1;700.00;700.00;Boleto;Concluída
1120;SW0001;2092;102;20240327;3;800.00;2400.00;Transferência;Concluída
1121;HW0006;2093;103;20240401;1;4500.00;4500.00;Cartão de Crédito;Concluída
1122;HW0010;2094;104;20240406;2;600.00;1200.00;Pix;Concluída
1123;SW0003;2095;105;20240411;1;140.00;140.00;Boleto;Concluída
1124;HW0004;2096;106;20240416;3;500.00;1500.00;Transferência;Concluída
1125;HW0002;2097;107;20240421;1;350.00;350.00;Cartão de Crédito;Concluída
1126;SW0004;2098;108;20240426;2;1200.00;2400.00;Pix;Concluída
1127;HW0008;2099;119;20240501;1;240.00;240.00;Boleto;Concluída
1128;HW0017;2100;120;20240506;3;360.00;1080.00;Transferência;Concluída
1129;HW0001;2101;101;20240511;1;700.00;700.00;Cartão de Crédito;Concluída
1130;SW0001;2102;102;20240516;2;800.00;1600.00;Pix;Concluída
1131;HW0006;2103;103;20240521;1;4500.00;4500.00;Boleto;Concluída
1132;HW0010;2104;104;20240526;3;600.00;1800.00;Transferência;Concluída
1133;SW0003;2105;105;20240531;1;140.00;140.00;Cartão de Crédito;Concluída
1134;HW0004;2106;106;20240605;2;500.00;1000.00;Pix;Concluída
1135;HW0002;2107;107;20240610;1;350.00;350.00;Boleto;Concluída
1136;SW0004;2108;108;20240615;3;1200.00;3600.00;Transferência;Concluída
1137;HW0008;2109;119;20240620;1;240.00;240.00;Boleto;Concluída
1138;HW0017;2110;120;20240625;2;360.00;720.00;Pix;Concluída
1139;HW0001;2111;111;20240630;1;700.00;700.00;Boleto;Concluída
1140;SW0001;2112;112;20240705;3;800.00;2400.00;Transferência;Concluída
1141;HW0006;2113;113;20240710;1;4500.00;4500.00;Cartão de Crédito;Concluída
1142;HW0010;2114;114;20240715;2;600.00;1200.00;Pix;Concluída
1143;SW0003;2115;115;20240720;1;140.00;140.00;Boleto;Concluída
1144;HW0004;2116;116;20240725;3;500.00;1500.00;Transferência;Concluída
1145;HW0002;2117;117;20240730;1;350.00;350.00;Cartão de Crédito;Concluída
1146;SW0004;2118;118;20240804;2;1200.00;2400.00;Pix;Concluída
1147;HW0008;2119;119;20240809;1;240.00;240.00;Boleto;Concluída
1148;HW0017;2120;120;20240814;3;360.00;1080.00;Transferência;Concluída
1149;HW0001;2121;101;20240819;1;700.00;700.00;Cartão de Crédito;Concluída
1150;SW0001;2122;102;20240824;2;800.00;1600.00;Pix;Concluída
1151;HW0006;2123;103;20240829;1;4500.00;4500.00;Boleto;Concluída
1152;HW0010;2124;104;20240903;3;600.00;1800.00;Transferência;Concluída
1153;SW0003;2125;105;20240908;1;140.00;140.00;Cartão de Crédito;Concluída
1154;HW0004;2126;106;20240913;2;500.00;1000.00;Pix;Concluída
1155;HW0002;2127;107;20240918;1;350.00;350.00;Boleto;Concluída
1156;SW0004;2128;108;20240923;3;1200.00;3600.00;Transferência;Concluída
1157;HW0008;2129;119;20240928;1;240.00;240.00;Boleto;Concluída
1158;HW0017;2130;120;20241003;2;360.00;720.00;Pix;Concluída
1159;HW0001;2131;101;20241008;1;700.00;700.00;Boleto;Concluída
1160;SW0001;2132;102;20241013;3;800.00;2400.00;Transferência;Concluída
1161;HW0006;2133;103;20241018;1;4500.00;4500.00;Cartão de Crédito;Concluída
1162;HW0010;2134;104;20241023;2;600.00;1200.00;Pix;Concluída
1163;SW0003;2135;105;20241028;1;140.00;140.00;Boleto;Concluída
1164;HW0004;2136;106;20241102;3;500.00;1500.00;Transferência;Concluída
1165;HW0002;2137;107;20241107;1;350.00;350.00;Cartão de Crédito;Concluída
1166;SW0004;2138;118;20241112;2;1200.00;2400.00;Pix;Concluída
1167;HW0008;2139;119;20241117;1;240.00;240.00;Boleto;Concluída
1168;HW0017;2140;120;20241122;3;360.00;1080.00;Transferência;Concluída
1169;HW0001;2141;101;20241127;1;700.00;700.00;Cartão de Crédito;Concluída
1170;SW0001;2142;102;20241202;2;800.00;1600.00;Pix;Concluída
1171;HW0006;2143;103;20241207;1;4500.00;4500.00;Boleto;Concluída
1172;HW0010;2144;104;20241212;3;600.00;1800.00;Transferência;Concluída
1173;SW0003;2145;105;20241217;1;140.00;140.00;Cartão de Crédito;Concluída
1174;HW0004;2146;106;20241222;2;500.00;1000.00;Pix;Concluída
1175;HW0002;2147;107;20241227;1;350.00;350.00;Boleto;Concluída
1176;SW0004;2148;108;20240103;3;1200.00;3600.00;Transferência;Concluída
1177;HW0008;2149;109;20240108;1;240.00;240.00;Cartão de Crédito;Concluída
1178;HW0017;2150;110;20240113;2;360.00;720.00;Pix;Concluída
1179;HW0001;2151;111;20240118;1;700.00;700.00;Boleto;Concluída
1180;SW0001;2152;112;20240123;3;800.00;2400.00;Transferência;Concluída
1181;HW0006;2153;113;20240128;1;4500.00;4500.00;Cartão de Crédito;Concluída
1182;HW0010;2154;114;20240202;2;600.00;1200.00;Pix;Concluída
1183;SW0003;2155;115;20240207;1;140.00;140.00;Boleto;Concluída
1184;HW0004;2156;116;20240212;3;500.00;1500.00;Transferência;Concluída
1185;HW0002;2157;117;20240217;1;350.00;350.00;Cartão de Crédito;Concluída
1186;SW0004;2158;118;20240222;2;1200.00;2400.00;Pix;Concluída
1187;HW0008;2159;119;20240227;1;240.00;240.00;Boleto;Concluída
1188;HW0017;2160;120;20240303;3;360.00;1080.00;Transferência;Concluída
1189;HW0001;2161;101;20240308;1;700.00;700.00;Cartão de Crédito;Concluída
1190;SW0001;2162;102;20240313;2;800.00;1600.00;Pix;Concluída
1191;HW0006;2163;103;20240318;1;4500.00;4500.00;Boleto;Concluída
1192;HW0010;2164;104;20240323;3;600.00;1800.00;Transferência;Concluída
1193;SW0003;2165;105;20240328;1;140.00;140.00;Cartão de Crédito;Concluída
1194;HW0004;2166;106;20240402;2;500.00;1000.00;Pix;Concluída
1195;HW0002;2167;107;20240407;1;350.00;350.00;Boleto;Concluída
1196;SW0004;2168;108;20240412;3;1200.00;3600.00;Transferência;Concluída
1197;HW0008;2169;119;20240417;1;240.00;240.00;Boleto;Concluída
1198;HW0017;2170;120;20240422;2;360.00;720.00;Pix;Concluída
1199;HW0001;2171;111;20240427;1;700.00;700.00;Boleto;Concluída
1200;SW0001;2172;112;20240502;3;800.00;2400.00;Transferência;Concluída
1201;HW0006;2173;113;20240507;1;4500.00;4500.00;Cartão de Crédito;Concluída
1202;HW0010;2174;114;20240512;2;600.00;1200.00;Pix;Concluída
1203;SW0003;2175;115;20240517;1;140.00;140.00;Boleto;Concluída
1204;HW0004;2176;116;20240522;3;500.00;1500.00;Transferência;Concluída
1205;HW0002;2177;117;20240527;1;350.00;350.00;Cartão de Crédito;Concluída
1206;SW0004;2178;118;20240601;2;1200.00;2400.00;Pix;Concluída
1207;HW0008;2179;119;20240606;1;240.00;240.00;Boleto;Concluída
1208;HW0017;2180;120;20240611;3;360.00;1080.00;Transferência;Concluída
1209;HW0001;2181;101;20240616;1;700.00;700.00;Cartão de Crédito;Concluída
1210;SW0001;2182;102;20240621;2;800.00;1600.00;Pix;Concluída
1211;HW0006;2183;103;20240626;1;4500.00;4500.00;Boleto;Concluída
1212;HW0010;2184;104;20240701;3;600.00;1800.00;Transferência;Concluída
1213;SW0003;2185;105;20240706;1;140.00;140.00;Cartão de Crédito;Concluída
1214;HW0004;2186;106;20240711;2;500.00;1000.00;Pix;Concluída
1215;HW0002;2187;107;20240716;1;350.00;350.00;Boleto;Concluída
1216;SW0004;2188;118;20240721;3;1200.00;3600.00;Transferência;Concluída
1217;HW0008;2189;119;20240726;1;240.00;240.00;Boleto;Concluída
1218;HW0017;2190;120;20240731;2;360.00;720.00;Pix;Concluída
1219;HW0001;2191;101;20240805;1;700.00;700.00;Boleto;Concluída
1220;SW0001;2192;102;20240810;3;800.00;2400.00;Transferência;Concluída
1221;HW0006;2193;103;20240815;1;4500.00;4500.00;Cartão de Crédito;Concluída
1222;HW0010;2194;104;20240820;2;600.00;1200.00;Pix;Concluída
1223;SW0003;2195;105;20240825;1;140.00;140.00;Boleto;Concluída
1224;HW0004;2196;106;20240830;3;500.00;1500.00;Transferência;Concluída
1225;HW0002;2197;107;20240904;1;350.00;350.00;Cartão de Crédito;Concluída
1226;SW0004;2198;108;20240909;2;1200.00;2400.00;Pix;Concluída
1227;HW0008;2199;119;20240914;1;240.00;240.00;Boleto;Concluída
1228;HW0017;2200;120;20240919;3;360.00;1080.00;Transferência;Concluída
1229;HW0001;2201;111;20240924;1;700.00;700.00;Boleto;Concluída
1230;SW0001;2202;112;20240929;2;800.00;1600.00;Pix;Concluída
1231;HW0006;2203;113;20241004;1;4500.00;4500.00;Cartão de Crédito;Concluída
1232;HW0010;2204;114;20241009;3;600.00;1800.00;Transferência;Concluída
1233;SW0003;2205;115;20241014;1;140.00;140.00;Boleto;Concluída
1234;HW0004;2206;116;20241019;2;500.00;1000.00;Pix;Concluída
1235;HW0002;2207;117;20241024;1;350.00;350.00;Cartão de Crédito;Concluída
1236;SW0004;2208;118;20241029;3;1200.00;3600.00;Transferência;Concluída
1237;HW0008;2209;119;20241103;1;240.00;240.00;Boleto;Concluída
1238;HW0017;2210;120;20241108;2;360.00;720.00;Pix;Concluída
1239;HW0001;2211;101;20241113;1;700.00;700.00;Boleto;Concluída
1240;SW0001;2212;102;20241118;3;800.00;2400.00;Transferência;Concluída
1241;HW0006;2213;103;20241123;1;4500.00;4500.00;Cartão de Crédito;Concluída
1242;HW0010;2214;104;20241128;2;600.00;1200.00;Pix;Concluída
1243;SW0003;2215;105;20241203;1;140.00;140.00;Boleto;Concluída
1244;HW0004;2216;106;20241208;3;500.00;1500.00;Transferência;Concluída
1245;HW0002;2217;107;20241213;1;350.00;350.00;Cartão de Crédito;Concluída
1246;SW0004;2218;118;20241218;2;1200.00;2400.00;Pix;Concluída
1247;HW0008;2219;119;20241223;1;240.00;240.00;Boleto;Concluída
1248;HW0017;2220;120;20241228;3;360.00;1080.00;Transferência;Concluída
1249;HW0001;2221;101;20240104;1;700.00;700.00;Cartão de Crédito;Concluída
1250;SW0001;2222;102;20240109;2;800.00;1600.00;Pix;Concluída
1251;HW0006;2223;103;20240114;1;4500.00;4500.00;Boleto;Concluída
1252;HW0010;2224;104;20240119;3;600.00;1800.00;Transferência;Concluída
1253;SW0003;2225;105;20240124;1;140.00;140.00;Cartão de Crédito;Concluída
1254;HW0004;2226;106;20240129;2;500.00;1000.00;Pix;Concluída
1255;HW0002;2227;107;20240203;1;350.00;350.00;Boleto;Concluída
1256;SW0004;2228;108;20240208;3;1200.00;3600.00;Transferência;Concluída
1257;HW0008;2229;119;20240213;1;240.00;240.00;Boleto;Concluída
1258;HW0017;2230;120;20240218;2;360.00;720.00;Pix;Concluída
1259;HW0001;2231;101;20240223;1;700.00;700.00;Boleto;Concluída
1260;SW0001;2232;102;20240228;3;800.00;2400.00;Transferência;Concluída
1261;HW0006;2233;103;20240304;1;4500.00;4500.00;Cartão de Crédito;Concluída
1262;HW0010;2234;104;20240309;2;600.00;1200.00;Pix;Concluída
1263;SW0003;2235;105;20240314;1;140.00;140.00;Boleto;Concluída
1264;HW0004;2236;106;20240319;3;500.00;1500.00;Transferência;Concluída
1265;HW0002;2237;107;20240324;1;350.00;350.00;Cartão de Crédito;Concluída
1266;SW0004;2238;108;20240329;2;1200.00;2400.00;Pix;Concluída
1267;HW0008;2239;119;20240403;1;240.00;240.00;Boleto;Concluída
1268;HW0017;2240;120;20240408;3;360.00;1080.00;Transferência;Concluída
1269;HW0001;2241;101;20240413;1;700.00;700.00;Cartão de Crédito;Concluída
1270;SW0001;2242;102;20240418;2;800.00;1600.00;Pix;Concluída
1271;HW0006;2243;103;20240423;1;4500.00;4500.00;Boleto;Concluída
1272;HW0010;2244;104;20240428;3;600.00;1800.00;Transferência;Concluída
1273;SW0003;2245;105;20240503;1;140.00;140.00;Cartão de Crédito;Concluída
1274;HW0004;2246;106;20240508;2;500.00;1000.00;Pix;Concluída
1275;HW0002;2247;107;20240513;1;350.00;350.00;Boleto;Concluída
1276;SW0004;2248;108;20240518;3;1200.00;3600.00;Transferência;Concluída
1277;HW0008;2249;119;20240523;1;240.00;240.00;Boleto;Concluída
1278;HW0017;2250;120;20240528;2;360.00;720.00;Pix;Concluída
1279;HW0001;2251;101;20240602;1;700.00;700.00;Boleto;Concluída
1280;SW0001;2252;102;20240607;3;800.00;2400.00;Transferência;Concluída
1281;HW0006;2253;103;20240612;1;4500.00;4500.00;Cartão de Crédito;Concluída
1282;HW0010;2254;104;20240617;2;600.00;1200.00;Pix;Concluída
1283;SW0003;2255;105;20240622;1;140.00;140.00;Boleto;Concluída
1284;HW0004;2256;106;20240627;3;500.00;1500.00;Transferência;Concluída
1285;HW0002;2257;107;20240702;1;350.00;350.00;Cartão de Crédito;Concluída
1286;SW0004;2258;118;20240707;2;1200.00;2400.00;Pix;Concluída
1287;HW0008;2259;119;20240712;1;240.00;240.00;Boleto;Concluída
1288;HW0017;2260;120;20240717;3;360.00;1080.00;Transferência;Concluída
1289;HW0001;2261;101;20240722;1;700.00;700.00;Cartão de Crédito;Concluída
1290;SW0001;2262;102;20240727;2;800.00;1600.00;Pix;Concluída
1291;HW0006;2263;103;20240801;1;4500.00;4500.00;Boleto;Concluída
1292;HW0010;2264;104;20240806;3;600.00;1800.00;Transferência;Concluída
1293;SW0003;2265;105;20240811;1;140.00;140.00;Cartão de Crédito;Concluída
1294;HW0004;2266;106;20240816;2;500.00;1000.00;Pix;Concluída
1295;HW0002;2267;107;20240821;1;350.00;350.00;Boleto;Concluída
1296;SW0004;2268;108;20240826;3;1200.00;3600.00;Transferência;Concluída
1297;HW0008;2269;119;20240831;1;240.00;240.00;Boleto;Concluída
1298;HW0017;2270;120;20240905;2;360.00;720.00;Pix;Concluída
1299;HW0001;2271;111;20240910;1;700.00;700.00;Boleto;Concluída
1300;SW0001;2272;112;20240915;3;800.00;2400.00;Transferência;Concluída
1301;HW0006;2273;113;20240920;1;4500.00;4500.00;Cartão de Crédito;Concluída
1302;HW0010;2274;114;20240925;2;600.00;1200.00;Pix;Concluída
1303;SW0003;2275;115;20240930;1;140.00;140.00;Boleto;Concluída
1304;HW0004;2276;116;20241005;3;500.00;1500.00;Transferência;Concluída
1305;HW0002;2277;117;20241010;1;350.00;350.00;Cartão de Crédito;Concluída
1306;SW0004;2278;118;20241015;2;1200.00;2400.00;Pix;Concluída
1307;HW0008;2279;119;20241020;1;240.00;240.00;Boleto;Concluída
1308;HW0017;2280;120;20241025;3;360.00;1080.00;Transferência;Concluída
1309;HW0001;2281;101;20241030;1;700.00;700.00;Cartão de Crédito;Concluída
1310;SW0001;2282;102;20241104;2;800.00;1600.00;Pix;Concluída
1311;HW0006;2283;103;20241109;1;4500.00;4500.00;Boleto;Concluída
1312;HW0010;2284;104;20241114;3;600.00;1800.00;Transferência;Concluída
1313;SW0003;2285;105;20241119;1;140.00;140.00;Cartão de Crédito;Concluída
1314;HW0004;2286;106;20241124;2;500.00;1000.00;Pix;Concluída
1315;HW0002;2287;107;20241129;1;350.00;350.00;Boleto;Concluída
1316;SW0004;2288;118;20241204;3;1200.00;3600.00;Transferência;Concluída
1317;HW0008;2289;119;20241209;1;240.00;240.00;Boleto;Concluída
1318;HW0017;2290;120;20241214;2;360.00;720.00;Pix;Concluída
1319;HW0001;2291;101;20241219;1;700.00;700.00;Boleto;Concluída
1320;SW0001;2292;102;20241224;3;800.00;2400.00;Transferência;Concluída
1321;HW0006;2293;103;20241229;1;4500.00;4500.00;Cartão de Crédito;Concluída
1322;HW0010;2294;104;20240101;2;600.00;1200.00;Pix;Concluída
1323;SW0003;2295;105;20240106;1;140.00;140.00;Boleto;Concluída
1324;HW0004;2296;106;20240111;3;500.00;1500.00;Transferência;Concluída
1325;HW0002;2297;107;20240116;1;350.00;350.00;Cartão de Crédito;Concluída
1326;SW0004;2298;108;20240121;2;1200.00;2400.00;Pix;Concluída
1327;HW0008;2299;119;20240126;1;240.00;240.00;Boleto;Concluída
1328;HW0017;2300;120;20240131;3;360.00;1080.00;Transferência;Concluída
1329;HW0001;2301;101;20240205;1;700.00;700.00;Cartão de Crédito;Concluída
1330;SW0001;2302;102;20240210;2;800.00;1600.00;Pix;Concluída
1331;HW0006;2303;103;20240215;1;4500.00;4500.00;Boleto;Concluída
1333;HW0001;2001;101;20250101;1;700.00;700.00;Cartão de Crédito;Concluída
1334;SW0001;2002;102;20250105;2;800.00;1600.00;Pix;Concluída
1335;HW0006;2003;103;20250110;1;4500.00;4500.00;Boleto;Concluída
1336;HW0010;2004;104;20250115;3;600.00;1800.00;Transferência;Concluída
1337;SW0003;2005;105;20250120;1;140.00;140.00;Cartão de Crédito;Concluída
1338;HW0004;2006;106;20250125;2;500.00;1000.00;Pix;Concluída
1339;HW0002;2007;107;20250130;1;350.00;350.00;Boleto;Concluída
1340;SW0004;2008;108;20250204;3;1200.00;3600.00;Transferência;Concluída
1341;HW0008;2009;109;20250209;1;240.00;240.00;Cartão de Crédito;Concluída
1342;HW0017;2010;110;20250214;2;360.00;720.00;Pix;Concluída
1343;HW0001;2011;111;20250219;1;700.00;700.00;Boleto;Concluída
1344;SW0001;2012;112;20250224;3;800.00;2400.00;Transferência;Concluída
1345;HW0006;2013;113;20250301;1;4500.00;4500.00;Cartão de Crédito;Concluída
1346;HW0010;2014;114;20250306;2;600.00;1200.00;Pix;Concluída
1347;SW0003;2015;115;20250311;1;140.00;140.00;Boleto;Concluída
1348;HW0004;2016;116;20250316;3;500.00;1500.00;Transferência;Concluída
1349;HW0002;2017;117;20250321;1;350.00;350.00;Cartão de Crédito;Concluída
1350;SW0004;2018;118;20250326;2;1200.00;2400.00;Pix;Concluída
1351;HW0008;2019;119;20250331;1;240.00;240.00;Boleto;Concluída
1352;HW0017;2020;120;20250405;3;360.00;1080.00;Transferência;Concluída
1353;HW0001;2021;101;20250410;1;700.00;700.00;Cartão de Crédito;Concluída
1354;SW0001;2022;102;20250415;2;800.00;1600.00;Pix;Concluída
1355;HW0006;2023;103;20250420;1;4500.00;4500.00;Boleto;Concluída
1356;HW0010;2024;104;20250425;3;600.00;1800.00;Transferência;Concluída
1357;SW0003;2025;105;20250430;1;140.00;140.00;Cartão de Crédito;Concluída
1358;HW0004;2026;106;20250505;2;500.00;1000.00;Pix;Concluída
1359;HW0002;2027;107;20250510;1;350.00;350.00;Boleto;Concluída
1360;SW0004;2028;108;20250515;3;1200.00;3600.00;Transferência;Concluída
1361;HW0008;2029;109;20250520;1;240.00;240.00;Cartão de Crédito;Concluída
1362;HW0017;2030;110;20250525;2;360.00;720.00;Pix;Concluída
1363;HW0001;2031;111;20250530;1;700.00;700.00;Boleto;Concluída
1364;SW0001;2032;112;20250604;3;800.00;2400.00;Transferência;Concluída
1365;HW0006;2033;113;20250609;1;4500.00;4500.00;Cartão de Crédito;Concluída
1366;HW0010;2034;114;20250614;2;600.00;1200.00;Pix;Concluída
1367;SW0003;2035;115;20250619;1;140.00;140.00;Boleto;Concluída
1368;HW0004;2036;116;20250622;3;500.00;1500.00;Transferência;Concluída
1369;HW0002;2037;117;20250102;1;350.00;350.00;Cartão de Crédito;Concluída
1370;SW0004;2038;118;20250107;2;1200.00;2400.00;Pix;Concluída
1371;HW0008;2039;119;20250112;1;240.00;240.00;Boleto;Concluída
1372;HW0017;2040;120;20250117;3;360.00;1080.00;Transferência;Concluída
1373;HW0001;2041;101;20250122;1;700.00;700.00;Cartão de Crédito;Concluída
1374;SW0001;2042;102;20250127;2;800.00;1600.00;Pix;Concluída
1375;HW0006;2043;103;20250201;1;4500.00;4500.00;Boleto;Concluída
1376;HW0010;2044;104;20250206;3;600.00;1800.00;Transferência;Concluída
1377;SW0003;2045;105;20250211;1;140.00;140.00;Cartão de Crédito;Concluída
1378;HW0004;2046;106;20250216;2;500.00;1000.00;Pix;Concluída
1379;HW0002;2047;107;20250221;1;350.00;350.00;Boleto;Concluída
1380;SW0004;2048;108;20250226;3;1200.00;3600.00;Transferência;Concluída
1381;HW0008;2049;109;20250303;1;240.00;240.00;Cartão de Crédito;Concluída
1382;HW0017;2050;110;20250308;2;360.00;720.00;Pix;Concluída
1383;HW0001;2051;111;20250313;1;700.00;700.00;Boleto;Concluída
1384;SW0001;2052;112;20250318;3;800.00;2400.00;Transferência;Concluída
1385;HW0006;2053;113;20250323;1;4500.00;4500.00;Cartão de Crédito;Concluída
1386;HW0010;2054;114;20250328;2;600.00;1200.00;Pix;Concluída
1387;SW0003;2055;115;20250402;1;140.00;140.00;Boleto;Concluída
1388;HW0004;2056;116;20250407;3;500.00;1500.00;Transferência;Concluída
1389;HW0002;2057;117;20250412;1;350.00;350.00;Cartão de Crédito;Concluída
1390;SW0004;2058;118;20250417;2;1200.00;2400.00;Pix;Concluída
1391;HW0008;2059;119;20250422;1;240.00;240.00;Boleto;Concluída
1392;HW0017;2060;120;20250427;3;360.00;1080.00;Transferência;Concluída
1393;HW0001;2061;101;20250502;1;700.00;700.00;Cartão de Crédito;Concluída
1394;SW0001;2062;102;20250507;2;800.00;1600.00;Pix;Concluída
1395;HW0006;2063;103;20250512;1;4500.00;4500.00;Boleto;Concluída
1396;HW0010;2064;104;20250517;3;600.00;1800.00;Transferência;Concluída
1397;SW0003;2065;105;20250522;1;140.00;140.00;Cartão de Crédito;Concluída
1398;HW0004;2066;106;20250527;2;500.00;1000.00;Pix;Concluída
1399;HW0002;2067;107;20250601;1;350.00;350.00;Boleto;Concluída
1400;SW0004;2068;108;20250606;3;1200.00;3600.00;Transferência;Concluída
1401;HW0008;2069;109;20250611;1;240.00;240.00;Boleto;Concluída
1402;HW0017;2070;110;20250616;2;360.00;720.00;Pix;Concluída
1403;HW0001;2071;111;20250621;1;700.00;700.00;Boleto;Concluída
1404;SW0001;2072;112;20250103;3;800.00;2400.00;Transferência;Concluída
1405;HW0006;2073;113;20250108;1;4500.00;4500.00;Cartão de Crédito;Concluída
1406;HW0010;2074;114;20250113;2;600.00;1200.00;Pix;Concluída
1407;SW0003;2075;115;20250118;1;140.00;140.00;Boleto;Concluída
1408;HW0004;2076;116;20250123;3;500.00;1500.00;Transferência;Concluída
1409;HW0002;2077;117;20250128;1;350.00;350.00;Cartão de Crédito;Concluída
1410;SW0004;2078;118;20250202;2;1200.00;2400.00;Pix;Concluída
1411;HW0008;2079;119;20250207;1;240.00;240.00;Boleto;Concluída
1412;HW0017;2080;120;20250212;3;360.00;1080.00;Transferência;Concluída
1413;HW0001;2081;101;20250217;1;700.00;700.00;Cartão de Crédito;Concluída
1414;SW0001;2082;102;20250222;2;800.00;1600.00;Pix;Concluída
1415;HW0006;2083;103;20250227;1;4500.00;4500.00;Boleto;Concluída
1416;HW0010;2084;104;20250304;3;600.00;1800.00;Transferência;Concluída
1417;SW0003;2085;105;20250309;1;140.00;140.00;Cartão de Crédito;Concluída
1418;HW0004;2086;106;20250314;2;500.00;1000.00;Pix;Concluída
1419;HW0002;2087;107;20250319;1;350.00;350.00;Boleto;Concluída
1420;SW0004;2088;108;20250324;3;1200.00;3600.00;Transferência;Concluída
1421;HW0008;2089;119;20250329;1;240.00;240.00;Boleto;Concluída
1422;HW0017;2090;120;20250403;2;360.00;720.00;Pix;Concluída
1423;HW0001;2091;101;20250408;1;700.00;700.00;Boleto;Concluída
1424;SW0001;2092;102;20250413;3;800.00;2400.00;Transferência;Concluída
1425;HW0006;2093;103;20250418;1;4500.00;4500.00;Cartão de Crédito;Concluída
1426;HW0010;2094;104;20250423;2;600.00;1200.00;Pix;Concluída
1427;SW0003;2095;105;20250428;1;140.00;140.00;Boleto;Concluída
1428;HW0004;2096;106;20250503;3;500.00;1500.00;Transferência;Concluída
1429;HW0002;2097;107;20250508;1;350.00;350.00;Cartão de Crédito;Concluída
1430;SW0004;2098;108;20250513;2;1200.00;2400.00;Pix;Concluída
1431;HW0008;2099;119;20250518;1;240.00;240.00;Boleto;Concluída
1432;HW0017;2100;120;20250523;3;360.00;1080.00;Transferência;Concluída
1433;HW0001;2101;101;20250528;1;700.00;700.00;Cartão de Crédito;Concluída
1434;SW0001;2102;102;20250602;2;800.00;1600.00;Pix;Concluída
1435;HW0006;2103;103;20250607;1;4500.00;4500.00;Boleto;Concluída
1436;HW0010;2104;104;20250612;3;600.00;1800.00;Transferência;Concluída
1437;SW0003;2105;105;20250617;1;140.00;140.00;Cartão de Crédito;Concluída
1438;HW0004;2106;106;20250622;2;500.00;1000.00;Pix;Concluída
1439;HW0002;2107;107;20250104;1;350.00;350.00;Boleto;Concluída
1440;SW0004;2108;108;20250109;3;1200.00;3600.00;Transferência;Concluída
1441;HW0008;2109;119;20250114;1;240.00;240.00;Cartão de Crédito;Concluída
1442;HW0017;2110;120;20250119;2;360.00;720.00;Pix;Concluída
1443;HW0001;2111;111;20250124;1;700.00;700.00;Boleto;Concluída
1444;SW0001;2112;112;20250129;3;800.00;2400.00;Transferência;Concluída
1445;HW0006;2113;113;20250203;1;4500.00;4500.00;Cartão de Crédito;Concluída
1446;HW0010;2114;114;20250208;2;600.00;1200.00;Pix;Concluída
1447;SW0003;2115;115;20250213;1;140.00;140.00;Boleto;Concluída
1448;HW0004;2116;116;20250218;3;500.00;1500.00;Transferência;Concluída
1449;HW0002;2117;117;20250223;1;350.00;350.00;Cartão de Crédito;Concluída
1450;SW0004;2118;118;20250228;2;1200.00;2400.00;Pix;Concluída
1451;HW0008;2119;119;20250305;1;240.00;240.00;Boleto;Concluída
1452;HW0017;2120;120;20250310;3;360.00;1080.00;Transferência;Concluída
1453;HW0001;2121;101;20250315;1;700.00;700.00;Cartão de Crédito;Concluída
1454;SW0001;2122;102;20250320;2;800.00;1600.00;Pix;Concluída
1455;HW0006;2123;103;20250325;1;4500.00;4500.00;Boleto;Concluída
1456;HW0010;2124;104;20250330;3;600.00;1800.00;Transferência;Concluída
1457;SW0003;2125;105;20250404;1;140.00;140.00;Cartão de Crédito;Concluída
1458;HW0004;2126;106;20250409;2;500.00;1000.00;Pix;Concluída
1459;HW0002;2127;107;20250414;1;350.00;350.00;Boleto;Concluída
1460;SW0004;2128;108;20250419;3;1200.00;3600.00;Transferência;Concluída
1461;HW0008;2129;119;20250424;1;240.00;240.00;Boleto;Concluída
1462;HW0017;2130;120;20250429;2;360.00;720.00;Pix;Concluída
1463;HW0001;2131;101;20250504;1;700.00;700.00;Boleto;Concluída
1464;SW0001;2132;102;20250509;3;800.00;2400.00;Transferência;Concluída
1465;HW0006;2133;103;20250514;1;4500.00;4500.00;Cartão de Crédito;Concluída
1466;HW0010;2134;104;20250519;2;600.00;1200.00;Pix;Concluída
1467;SW0003;2135;105;20250524;1;140.00;140.00;Boleto;Concluída
1468;HW0004;2136;106;20250529;3;500.00;1500.00;Transferência;Concluída
1469;HW0002;2137;107;20250603;1;350.00;350.00;Cartão de Crédito;Concluída
1470;SW0004;2138;108;20250608;2;1200.00;2400.00;Pix;Concluída
1471;HW0008;2139;119;20250613;1;240.00;240.00;Boleto;Concluída
1472;HW0017;2140;120;20250618;3;360.00;1080.00;Transferência;Concluída
1473;HW0001;2141;101;20250622;1;700.00;700.00;Cartão de Crédito;Concluída
